address,group,roi,total_spent,total_sold,leftover_value,trade_count,yes_shares_bought,yes_shares_sold,yes_spent,yes_sold,yes_leftover_value,no_shares_bought,no_shares_sold,no_spent,no_sold,no_leftover_value
0x000b69e1996431281998871b9d5db88bd8f033ae,A,-0.005260540159316165,0.759998,0.756,0.0,2,0.0,0.0,0.0,0.0,0.0,0.844443,0.84,0.759998,0.756,0.0
0x0021fe9b777545f63dc28b610c9173b8f8b78658,B,-0.001001001001001001,4.995,4.99,0.0,2,5.0,5.0,4.995,4.99,0.0,0.0,0.0,0.0,0.0,0.0
0x00fa1da7d2b8baa703a1d3554b5d1338be9030be,A,8.090909241818185,49.999999,0.0,454.545453,1,454.545453,0.0,49.999999,0.0,454.545453,0.0,0.0,0.0,0.0,0.0
0x0220f0954ba0029ed0f7a5db16d7dac7c3cc20b5,B,-0.0011664183381188058,115.49887,115.36415,0.0,8,115.72,115.72,115.49887,115.36415,0.0,0.0,0.0,0.0,0.0,0.0
0x02584443ceee8c2a77a1bf54572d8376d2065479,A,-1.0,0.999991,0.0,0.0,1,0.0,0.0,0.0,0.0,0.0,1.047111,0.0,0.999991,0.0,0.0
0x026fe7c4748f6c71ae4378d21818cacbb71963b6,B,-0.00100206745844443,429.38227,428.952,0.0,22,430.27,430.27,429.38227,428.952,0.0,0.0,0.0,0.0,0.0,0.0
0x03638460bcf5a59912fc27d786f5008c4973d77f,A,0.019462214762742718,0.7399979999999999,0.7544,0.0,2,0.0,0.0,0.0,0.0,0.0,0.822221,0.82,0.7399979999999999,0.7544,0.0
0x040ec398e277f9d7f366621dfa7ea5ddae088edf,A,0.0007328475968137565,67596.592,499.0,67147.13,66,67647.13,500.0,66636.592,499.0,67147.13,1000.0,0.0,960.0,0.0,0.0
0x04dcbd9b805b220a9b2d27e4d9e649ed07902387,B,-1.0,146.385,0.0,0.0,3,0.0,0.0,0.0,0.0,0.0,400.0,0.0,146.385,0.0,0.0
0x065eedbf3509a041f104aeced3966da1b85dcf28,A,-1.0,5.999999000000001,0.0,0.0,1,0.0,0.0,0.0,0.0,0.0,6.8415040000000005,0.0,5.999999000000001,0.0,0.0
0x07211f011080a4bf3f5282cd64a71afc87e54a8f,A,-1.0,9.999997,0.0,0.0,1,0.0,0.0,0.0,0.0,0.0,13.157891,0.0,9.999997,0.0,0.0
0x07b34a692c3689b0f7e9265eb6658b3cad053420,A,-1.0,0.33,0.0,0.0,1,0.0,0.0,0.0,0.0,0.0,0.4125,0.0,0.33,0.0,0.0
0x08c897e4780c299061fe683120e5bb18cf931da2,A,-0.26993595955106126,7825.023689,5712.765168,0.003243,45,4702.993243,4702.99,2558.604345,2770.22755,0.003243,6429.652182,6429.635817,5266.419344,2942.537618,0.0
0x08d0549daa9932863a397f52670695dd01414cbd,A,0.0,185.376,185.376,0.0,4,0.0,0.0,0.0,0.0,0.0,192.0,192.0,185.376,185.376,0.0
0x09e6d660304b9590acd4910f17af31f5ed8a240c,B,-1.0,2.88,0.0,0.0,1,0.0,0.0,0.0,0.0,0.0,192.0,0.0,2.88,0.0,0.0
0x0a01d50cab8390692f72de7acfb17c70565c7d63,A,0.17925294813237033,0.399999,0.4717,0.0,2,0.0,0.0,0.0,0.0,0.0,0.533332,0.53,0.399999,0.4717,0.0
0x0a1d333c9709571a52562ebbeb0afa84cd409b12,B,-0.0010007469720704082,23.619357,23.59272,0.003,2,23.643,23.64,23.619357,23.59272,0.003,0.0,0.0,0.0,0.0,0.0
0x0a4cd3ea6d29716fb9dafe9138440421c851c4ee,A,-0.0062047569803516025,8.703,8.649,0.0,2,0.0,0.0,0.0,0.0,0.0,9.0,9.0,8.703,8.649,0.0
0x0aea2211679de6752f59c668f471db03fc800182,B,-0.9,0.11,0.011,0.0,2,0.0,0.0,0.0,0.0,0.0,11.0,11.0,0.11,0.011,0.0
0x0b93666ecce289f79fa4c03368a5a84c61342eda,A,0.0,556.416,556.416,0.0,12,0.0,0.0,0.0,0.0,0.0,576.0,576.0,556.416,556.416,0.0
0x0ca0b337ba3ace067bd329681085443c40935737,B,0.007081537693782588,0.9898980000000001,0.98802,0.008888,2,0.998888,0.99,0.9898980000000001,0.98802,0.008888,0.0,0.0,0.0,0.0,0.0
0x0cd5c791e196d684463f9e26f10ef2239726ccac,B,-0.05852295331076804,0.919998,0.85668,0.009477,2,1.329477,1.32,0.919998,0.85668,0.009477,0.0,0.0,0.0,0.0,0.0
0x0cd933a83f08bd95ba01e34f6040bceb4b7e8ee7,A,0.005559308789893949,0.614285,0.6177,0.0,2,0.0,0.0,0.0,0.0,0.0,0.714284,0.71,0.614285,0.6177,0.0
0x0d4735278f52acbff7221515569589282baacf08,B,-0.000999000999000999,0.999999,0.998,0.001,2,1.001,1.0,0.999999,0.998,0.001,0.0,0.0,0.0,0.0,0.0
0x0d473e885aa57fd5f17b6b732f258db3e166352b,A,-0.012583230477419901,9.599999,9.4792,0.0,2,0.0,0.0,0.0,0.0,0.0,11.566264,11.56,9.599999,9.4792,0.0
0x0dd0cbd33343f5f84bd9ddbb929888eb974ebc3d,A,-0.012695831523643467,10008.621,9881.553234,0.0,18,0.0,0.0,0.0,0.0,0.0,10554.34,10554.336579,10008.621,9881.553234,0.0
0x0dd53a06fefc5ecc5d605b8c2da5424f29fa13a0,B,0.5015015015015015,16.65,0.0,25.0,1,25.0,0.0,16.65,0.0,25.0,0.0,0.0,0.0,0.0,0.0
0x0df50663623fb9d9c312482c75a68955231949f8,B,-0.0010009527068459388,124.238637,124.11128,0.003,6,124.363,124.36,124.238637,124.11128,0.003,0.0,0.0,0.0,0.0,0.0
0x0e32fbdd221f025ded36c2f84902cf9170f84105,A,0.0,1019.712,1019.712,0.0,22,0.0,0.0,0.0,0.0,0.0,1056.0,1056.0,1019.712,1019.712,0.0
0x0e5df518d36db694283cbfe02eeb3840dda8ac84,B,-0.3421308261872148,51.179998,33.65987,0.009873,7,36.249873,36.24,19.999999,14.94788,0.009873,61.493774,41.49,31.179999000000002,18.71199,0.0
0x0e6247d6b89d347b5a85876a7493f5d52db8927a,A,-0.0007608968075153826,362.399996,0.0,362.124247,2,362.124247,0.0,361.399998,0.0,362.124247,1.060444,0.0,0.999998,0.0,0.0
0x0f779044b20ce15133bbde2777ab4fe56003a9a9,A,0.5863928606847798,2440.784902,1173.951218,2698.092525,31,4184.0828,1485.990275,2425.264902,1158.365218,2698.092525,1006.0,1006.0,15.52,15.586,0.0
0x0f9c7c2aea4849b8ce0d8b3d476b8604f84378ff,A,-0.008350730688935281,8.622,8.55,0.0,2,0.0,0.0,0.0,0.0,0.0,9.0,9.0,8.622,8.55,0.0
0x101f4a6685af466b880333af08f865f3a285507c,B,-1.0,499.262546,0.0,0.0,72,0.0,0.0,0.0,0.0,0.0,49926.2546,0.0,499.262546,0.0,0.0
0x1081b7b9506449b24e0d1b66f2f90cfb8dd9abdc,A,0.19626108652215907,93.689999,112.0777,0.0,2,0.0,0.0,0.0,0.0,0.0,125.932532,125.93,93.689999,112.0777,0.0
0x10b005a3f8b8fa1983b9040f426a625650eb35ea,A,-0.012099012099012133,1.9999980000000002,1.9758,0.0,2,0.0,0.0,0.0,0.0,0.0,2.2222210000000002,2.22,1.9999980000000002,1.9758,0.0
0x113e974768d5731468dc7b1c62e58dd854b720f0,B,-1.0,1.0,0.0,0.0,1,0.0,0.0,0.0,0.0,0.0,125.0,0.0,1.0,0.0,0.0
0x11e829d2a19e7ade935861fb043715766a015b74,A,0.10420255865909368,899.69,993.44,0.0,4,1000.0,1000.0,890.0,993.0,0.0,10.0,10.0,9.69,0.44,0.0
0x11fd4574de5259f9a125ab22a1755b4e84b1790b,B,-0.996119135472118,222.099997,0.86194,0.0,6,0.0,0.0,0.0,0.0,0.0,13844.355141,6.07,222.099997,0.86194,0.0
0x12acdd2a2be42b9410211132d45ac3ba91158669,B,-0.6398410585973593,4563.305394,1643.5152400000002,0.0,24,0.0,0.0,0.0,0.0,0.0,37811.178133,37811.17,4563.305394,1643.5152400000002,0.0
0x1347d5a2a619363efda8ff766e6297fbe8099f2d,A,-1.0,0.049998,0.0,0.0,1,0.0,0.0,0.0,0.0,0.0,0.055554,0.0,0.049998,0.0,0.0
0x1446fddafd68b9b83717e91d5ab35da6db247f6e,B,-1.0,0.01,0.0,0.0,1,0.0,0.0,0.0,0.0,0.0,3.333332,0.0,0.01,0.0,0.0
0x148f2fe7eb0afd4ad1f8b5ebb6b16e24743e60f9,B,-0.0010080645161290322,94.94432,94.84861,0.0,4,95.71,95.71,94.94432,94.84861,0.0,0.0,0.0,0.0,0.0,0.0
0x150fc2760a58387348fb158cbe2bc55614a34789,A,0.1214033642100926,0.999997,1.1214,0.0,2,0.0,0.0,0.0,0.0,0.0,1.265819,1.26,0.999997,1.1214,0.0
0x158befc767ea88efa7cb30329d9068b35547a2db,B,-0.001006036217303823,43.59684,43.55298,0.0,2,43.86,43.86,43.59684,43.55298,0.0,0.0,0.0,0.0,0.0,0.0
0x15d5ceea7ee11ebf36abc6dac972e38e8964ef7b,B,0.04395494741469047,106.28824,110.956799,0.003335,186,191.19,191.186665,80.03724,86.299799,0.003335,86.0,86.0,26.251,24.657,0.0
0x164229b9d0587e50b94098f5840164282b565988,A,-0.08680608232408726,1228.764185,147.09998,975.0,15,975.0,0.0,952.56954,0.0,975.0,25259.993843,25259.99,276.194645,147.09998,0.0
0x16d0a63103f0dbc1eac6acfa9a29d2519da5eb57,B,-1.0,61.999997,0.0,0.0,3,0.0,0.0,0.0,0.0,0.0,1106.815608,0.0,61.999997,0.0,0.0
0x1796aadd8444197ff8fbfbd9a30cd6f0164e62e8,A,-0.002068252326783868,7.736,7.72,0.0,2,0.0,0.0,0.0,0.0,0.0,8.0,8.0,7.736,7.72,0.0
0x182b2bd1f035abe76eeb2244b32d9ebac27ef022,A,-0.037988351019578974,2771.3155,2666.017794,0.02,30,1280.54,1280.52,264.6948,266.5594,0.02,3037.81,3037.782827,2506.6207,2399.4583939999998,0.0
0x18a7cd9f73c2e2f8aa069cb2486ae7c213bbd21a,A,0.042987641053197204,11.166,11.646,0.0,4,234.0,234.0,11.166,11.646,0.0,0.0,0.0,0.0,0.0,0.0
0x1936c8da86c4cd3591e0243dcce94240c7c2e89c,A,-0.18747418155368942,95.99725600000001,77.9974,0.002849,5,599.982849,599.98,95.99725600000001,77.9974,0.002849,0.0,0.0,0.0,0.0,0.0
0x19461667e5418c5117d930df8fad0cbd068473c0,B,-1.0,88.11,0.0,0.0,5,0.0,0.0,0.0,0.0,0.0,9104.837604,0.0,88.11,0.0,0.0
0x19580c442085fb520ac9c56edc1a7a97fdf4310b,B,0.6332676978135975,283.891,463.67,0.0,6,466.0,466.0,283.891,463.67,0.0,0.0,0.0,0.0,0.0,0.0
0x1992478c8fc915a6c67236523c4cdc1ae6ae56e9,A,0.0,1425.012,1425.012,0.0,32,0.0,0.0,0.0,0.0,0.0,1476.0,1476.0,1425.012,1425.012,0.0
0x19c181e8de5457b04eae2d3fd62c3effa68f41c5,A,-0.0062047569803516025,10.637,10.571,0.0,2,0.0,0.0,0.0,0.0,0.0,11.0,11.0,10.637,10.571,0.0
0x19c67b56105d8b43e1f778e187c25bbe0cb774b6,B,0.6,0.4,0.64,0.0,3,0.0,0.0,0.0,0.0,0.0,100.0,80.0,0.4,0.64,0.0
0x1a3c30ea8d46f69a386aae613b74edda38fb9088,B,0.005025201005040172,9.999998,0.0,10.05025,1,10.05025,0.0,9.999998,0.0,10.05025,0.0,0.0,0.0,0.0,0.0
0x1ab3c988fa265fbd5a294504d750210e55389f4d,B,-0.7536339457093649,705.95785,173.92405,0.0,10,0.0,0.0,0.0,0.0,0.0,32384.815687,30384.81,705.95785,173.92405,0.0
0x1be8d430ff58de57fbc99989e70908168d8d0d11,A,-1.0,1.899987,0.0,0.0,1,0.0,0.0,0.0,0.0,0.0,1.983285,0.0,1.899987,0.0,0.0
0x1becabf2cb256d7b95f2b27f0614de0395e8dd5f,A,-0.002068252326783868,8.703,8.685,0.0,2,0.0,0.0,0.0,0.0,0.0,9.0,9.0,8.703,8.685,0.0
0x1c72797cd4b9b83f42e287144e334c4de347dfb6,B,-0.03601558983432116,123739.85767,27171.20897,92112.08474,33,122645.34474,30533.26,118849.28034,27066.39433,92112.08474,43342.95,43342.95,4890.57733,104.81464,0.0
0x1cfc260bfa2b5ae89377863180ca3b4f5c862111,A,-0.7424680725093026,11984.283188,3047.576011,38.759538,138,4902.389538,4863.63,528.365248,428.21052,38.759538,116171.401565,5931.59641,11455.91794,2619.365491,0.0
0x1db28169df530b6c10ba4cc3871cb45432ac2c69,B,-0.001001001001001001,3125.16171,3122.03342,0.0,2,3128.29,3128.29,3125.16171,3122.03342,0.0,0.0,0.0,0.0,0.0,0.0
0x1de95aaad238de161ec3a6d6b76b9db8e3543f7b,B,-1.0,5.15,0.0,0.0,1,0.0,0.0,0.0,0.0,0.0,398.925383,0.0,5.15,0.0,0.0
0x1e0f00d559b4a2ba4e6b7aec06e7dcbe5dd336f6,A,-0.008350730688935281,8.622,8.55,0.0,2,0.0,0.0,0.0,0.0,0.0,9.0,9.0,8.622,8.55,0.0
0x1e1f17412069c0736adfaadf8ee7f46e5612c855,B,0.01260643120530492,200055.983008,4985.0,197592.974995,12,202592.974995,5000.0,200055.983008,4985.0,197592.974995,0.0,0.0,0.0,0.0,0.0
0x1eed220e9de831dec6251f5eeb5c06e56e330c9a,B,0.1379406958160226,199.9724,227.551049,0.005683,7,344.78,344.774317,199.9724,227.551049,0.005683,0.0,0.0,0.0,0.0,0.0
0x1fd626214b4f0115d4c449630e277e03e5fe98fe,A,-1.0,458.219997,0.0,0.0,4,0.0,0.0,0.0,0.0,0.0,65809.957206,0.0,458.219997,0.0,0.0
0x20ea961ab8bf772c1192aec340e31dcf15d44b13,A,-0.19108819108819106,0.999999,0.79988,0.009031,2,16.129031,16.12,0.999999,0.79988,0.009031,0.0,0.0,0.0,0.0,0.0
0x2125fe1a7e9b37d13f197678661f9b94f017fd1a,B,-0.0010018691711599006,209.419559,209.20051,0.009238,4,209.839238,209.83,209.419559,209.20051,0.009238,0.0,0.0,0.0,0.0,0.0
0x222ef3b90b77863f2ac33e5ad14cde6f41ab63e2,A,-0.01098901098901099,3.64,3.6,0.0,2,0.0,0.0,0.0,0.0,0.0,4.0,4.0,3.64,3.6,0.0
0x231b27505cedcd0fc5ef055048b39df0bce40246,A,0.04163690464042716,0.489998,0.5104,0.0,2,0.0,0.0,0.0,0.0,0.0,0.583331,0.58,0.489998,0.5104,0.0
0x23f5d0149c49bad1a3b6f09919204cd46c5f5ba9,B,-0.058220755554795695,1.9299990000000005,1.81356,0.0040730000000003,2,3.5740730000000003,3.57,1.9299990000000005,1.81356,0.0040730000000003,0.0,0.0,0.0,0.0,0.0
0x2460ff1ab8717cb10d48930e94ebd2c8cbd4468f,A,-1.0,0.099995,0.0,0.0,1,0.0,0.0,0.0,0.0,0.0,0.120476,0.0,0.099995,0.0,0.0
0x24692898ce8f5bbe617e397f79367c53741241a1,A,0.08304541522707613,0.999995,1.08304,0.0,2,0.0,0.0,0.0,0.0,0.0,1.12359,1.12,0.999995,1.08304,0.0
0x24a4a03d08aa755875eb03281b4518c00109ca75,B,-1.0,8.94,0.0,0.0,2,0.0,0.0,0.0,0.0,0.0,1062.777777,0.0,8.94,0.0,0.0
0x250a8012d8f61e98d10b02f6b62ecfee20cb6d1d,A,0.005477979444934488,9929.92408,0.0,9984.32,22,9984.32,0.0,9929.92408,0.0,9984.32,0.0,0.0,0.0,0.0,0.0
0x261c82bfd2e001c01436492a9700d34bf6507cd3,B,-0.001001001001001001,201.61818,201.41636,0.0,6,201.82,201.82,201.61818,201.41636,0.0,0.0,0.0,0.0,0.0,0.0
0x2655692807949eff2b8c83af9dbc6c83e3118685,B,0.0021020867358566694,60.485135,60.61228,0.0,83,0.0,0.0,0.0,0.0,0.0,6805.804856,6605.26,60.485135,60.61228,0.0
0x266fed0477a60a8af028552e4031f2ba2c9cb55a,A,-0.0010718113612004287,6.531,6.524,0.0,2,0.0,0.0,0.0,0.0,0.0,7.0,7.0,6.531,6.524,0.0
0x273cede8bb05515f382d9377bfa27b47014dbec5,B,1.12314225,20.0,0.0,42.462845,1,42.462845,0.0,20.0,0.0,42.462845,0.0,0.0,0.0,0.0,0.0
0x290204115de424c205ab70a98e5731112e50f315,B,-0.001004016064257028,41.02524,40.98405,0.0,2,41.19,41.19,41.02524,40.98405,0.0,0.0,0.0,0.0,0.0,0.0
0x2a03d5e52f8c6a8112604174722df8420926c2c1,B,-1.0,1.099999,0.0,0.0,2,0.0,0.0,0.0,0.0,0.0,33.013484,0.0,1.099999,0.0,0.0
0x2a9c840afd75eee789641f1ccd5401710f3b2366,B,-1.0,0.1,0.0,0.0,1,0.0,0.0,0.0,0.0,0.0,6.25,0.0,0.1,0.0,0.0
0x2bbd70e2ccb73aac096a60cee4e8a3429c184a62,A,8.090913045456523,1.999999,0.0,18.181817,1,18.181817,0.0,1.999999,0.0,18.181817,0.0,0.0,0.0,0.0,0.0
0x2c6f416cad4764d2809df184b8eae2f59d3e014e,B,-1.0,63.0,0.0,0.0,1,0.0,0.0,0.0,0.0,0.0,7000.0,0.0,63.0,0.0,0.0
0x2d3819976245031e0f3ca7e914cd3da8a3defd48,A,0.0,741.504,741.504,0.0,16,0.0,0.0,0.0,0.0,0.0,768.0,768.0,741.504,741.504,0.0
0x2def8c5dab96c20c317b370eaa5249061bc17066,B,-1.0,4.99,0.0,0.0,3,0.0,0.0,0.0,0.0,0.0,80.0,0.0,4.99,0.0,0.0
0x2e40287b7a2623fc828c90ea6cbe97f9eeb7c89d,B,-0.2124081443924467,2232.667313,1758.42655,0.004042,17,5849.994042,5849.99,2232.667313,1758.42655,0.004042,0.0,0.0,0.0,0.0,0.0
0x2f01c0f0ef031eeb6de29c0101d2b3c506fe663c,A,-0.6189028487045654,39.999971,0.0,15.243875,2,15.243875,0.0,14.999973,0.0,15.243875,25.614753,0.0,24.999998,0.0,0.0
0x34134e7c29b654c4f53ec213e6f35808b3f05204,A,-0.16244987579041587,7488.794898,6272.241097,0.0,183,2127.257005,2742.0,1020.582217,1040.52125,0.0,15055.735009,12347.41819,6468.212681,5231.719847,0.0
0x347a522d5fe7f612b9d855a09143a5cad88883e3,B,0.3333333333333333,37.5,50.0,0.0,3,100.0,100.0,34.9,50.0,0.0,200.0,0.0,2.6,0.0,0.0
0x34b5399405d14454b6da47d1e6796f51ac0963ec,A,0.0,981.016,981.016,0.0,22,0.0,0.0,0.0,0.0,0.0,1016.0,1016.0,981.016,981.016,0.0
0x359499cf05cbca92e66235a2d8494be6ee3d3467,B,0.005025125628140704,28.949923,0.0,29.0954,1,29.0954,0.0,28.949923,0.0,29.0954,0.0,0.0,0.0,0.0,0.0
0x37fdff6ce9e55c3500940fac9a14bd8d870e2c5a,B,0.009081801816360325,9.999998,0.0,10.090816,1,10.090816,0.0,9.999998,0.0,10.090816,0.0,0.0,0.0,0.0,0.0
0x3978a99e028eb590c98d8e9ddbe513298fa92f24,A,0.0827492003251737,16.120615,17.44898,0.005603,10,30.010603,30.005,8.970615,8.44898,0.005603,10.0,10.0,7.15,9.0,0.0
0x39828b3f15d24a1bb6816b17f0d0a11262bc6e7a,B,-1.0,146.949,0.0,0.0,12,0.0,0.0,0.0,0.0,0.0,5600.0,0.0,146.949,0.0,0.0
0x39c18a5a8835833a2400472d482f04c319ce89d9,A,-0.0010351966873706005,9.66,9.65,0.0,2,0.0,0.0,0.0,0.0,0.0,10.0,10.0,9.66,9.65,0.0
0x3a053d3720e4c0381b9ccd3dda4afd5be7032dda,B,1.2737392769230507,1783.81402,4055.9280000000003,0.0,6,5666.24,5666.24,1712.18202,3966.3880000000004,0.0,8954.0,8954.0,71.632,89.54,0.0
0x3a366494e79b1b3c0faafa15862bb1ee19001214,B,-0.07616070889751451,22.999996,21.2483,0.0,6,0.0,0.0,0.0,0.0,0.0,159.194903,30.3,22.999996,21.2483,0.0
0x3a36a1e32eb4c0fb70e265a93d66fdb9223f454b,B,1.338139870223504,187.245,437.805,0.0,3,0.0,0.0,0.0,0.0,0.0,705.0,705.0,187.245,437.805,0.0
0x3a54121496232e110604d17010e1a5d95446bd1d,B,-0.0010008534161737928,24.769861,24.73557,0.0095,2,24.8195,24.81,24.769861,24.73557,0.0095,0.0,0.0,0.0,0.0,0.0
0x3a5d49e7115cd6b069ef9256904343a8541e93ab,B,1.0513886590085753,40.189996,82.44304,0.002262,5,83.362262,83.36,40.189996,82.44304,0.002262,0.0,0.0,0.0,0.0,0.0
0x3a8651c42ac19aa3e3141531a298abc72f51dea8,A,-0.19961788586846912,1204.873,964.358799,0.0,47,0.0,0.0,0.0,0.0,0.0,1623.0,1472.99739,1204.873,964.358799,0.0
0x3b2c700021065479900ebec1bf961f4ed1e3d0d4,A,0.0,370.752,370.752,0.0,8,0.0,0.0,0.0,0.0,0.0,384.0,384.0,370.752,370.752,0.0
0x3b3fb453ebd7445da93fbfb4ef5e4d036af883db,A,0.2,75.0,90.0,0.0,2,0.0,0.0,0.0,0.0,0.0,100.0,100.0,75.0,90.0,0.0
0x3b7b03427034fe97f88e22053595500c7105f74e,A,-1.0,9.0,0.0,0.0,1,0.0,0.0,0.0,0.0,0.0,10.0,0.0,9.0,0.0,0.0
0x3bf40a6cea107b826852e630990a95353eea77d1,B,-0.965,9.85,0.34475,0.0,2,0.0,0.0,0.0,0.0,0.0,49.25,49.25,9.85,0.34475,0.0
0x3c48abb33a81128a4008085a7c05af0fd1c856b8,A,8.090910657640565,4.699999,0.0,42.727271,1,42.727271,0.0,4.699999,0.0,42.727271,0.0,0.0,0.0,0.0,0.0
0x3ce96461e77d62b434acf9a40af96fcbd79a9c2d,B,-1.0,100.98,0.0,0.0,7,0.0,0.0,0.0,0.0,0.0,10735.57692,0.0,100.98,0.0,0.0
0x3e654a008a609b16d5e6c1b08baabfea8725b3a8,B,-1.0,200.0,0.0,0.0,1,0.0,0.0,0.0,0.0,0.0,18181.81818,0.0,200.0,0.0,0.0
0x3e7217167e636329c0b0de0758b501232b279938,B,0.0,99.0,99.0,0.0,3,0.0,0.0,0.0,0.0,0.0,9000.0,9000.0,99.0,99.0,0.0
0x3ec83a4704571cb3b910650c4999c29f471d0d44,B,0.05434158748260327,266.573,281.059,0.0,34,160.0,160.0,101.217,101.68,0.0,459.0,459.0,165.356,179.379,0.0
0x3efbe6342b290613e2e7c8585599cd5e1a42244b,A,0.24467479130282352,2322.819997,2891.1545,0.000995,10,4135.070995,4135.07,1858.8199969999998,2018.52678,0.000995,60915.628054,60915.62,464.0,872.62772,0.0
0x3efbf83d79cd9d95429e3fbf278292dcda3b458a,B,0.33690005350080243,0.199997,0.0,0.267376,1,0.267376,0.0,0.199997,0.0,0.267376,0.0,0.0,0.0,0.0,0.0
0x3f0c86cdcf9b118c2d67ba675debb6ae62639296,A,-0.002068252326783868,8.703,8.685,0.0,2,0.0,0.0,0.0,0.0,0.0,9.0,9.0,8.703,8.685,0.0
0x40563ab71cc89ffd3bf639b0c81e32943715ec44,B,0.9569565279503994,0.06999899999999999,0.0,0.136985,1,0.136985,0.0,0.06999899999999999,0.0,0.136985,0.0,0.0,0.0,0.0,0.0
0x4143b489bc3ff698f21ddf8c9bdc4ca5f918232a,B,0.0010064696152157708,26.919839,26.9446,0.002333,2,27.082333,27.08,26.919839,26.9446,0.002333,0.0,0.0,0.0,0.0,0.0
0x414ce81b0397a9cfe18c7b2d32d4300f8f275c7e,B,-0.7498045347928068,12.79,3.2,0.0,5,0.0,0.0,0.0,0.0,0.0,843.641023,400.0,12.79,3.2,0.0
0x415c3009ba582ee5d126ec7460fb2b64a0ba3c94,A,9.204081632653061,2.45,0.0,25.0,2,25.0,0.0,2.45,0.0,25.0,0.0,0.0,0.0,0.0,0.0
0x416e2d8a2f5948d4f0689dc1797262280107a47f,A,-0.08163830903951684,3.499999,3.2076,0.006665,4,29.166665,29.16,3.499999,3.2076,0.006665,0.0,0.0,0.0,0.0,0.0
0x41bb81fdc6dc952da515d88c5c46801e03442526,A,-0.02247191011235955,89.0,87.0,0.0,2,0.0,0.0,0.0,0.0,0.0,100.0,100.0,89.0,87.0,0.0
0x41e69e86a1a5ebb1cd631403f7a0f8d6274fcaee,B,0.013636090780202097,8367.245704,8480.383278,0.9589479999999998,801,7421.966319,7421.007371,5633.9468209999995,5691.276638,0.9589479999999998,7005.268392,7004.918925,2733.298883,2789.10664,0.0
0x420eac7602f52ba628bcd5fe834671510e23404a,A,3.0,18.71,0.0,74.84,1,74.84,0.0,18.71,0.0,74.84,0.0,0.0,0.0,0.0,0.0
0x436d90f052702950271627a3ff885957c062f5a2,A,-0.002068252326783868,8.703,8.685,0.0,2,0.0,0.0,0.0,0.0,0.0,9.0,9.0,8.703,8.685,0.0
0x43948c947f76e3d36a17ace0d45180e1fca21db4,A,-0.026737967914438502,7.48,7.28,0.0,2,0.0,0.0,0.0,0.0,0.0,8.0,8.0,7.48,7.28,0.0
0x43989eb74ace1d2fbad9a4585ce8c52400c533c0,B,0.5227509262148288,26.549996,40.42043,0.008601,4,40.878601,40.87,26.549996,40.42043,0.008601,0.0,0.0,0.0,0.0,0.0
0x43ed02b9fd2f86a520bc30a285fa17f81e4e604f,A,-0.21428571428571427,28.0,22.0,0.0,2,200.0,200.0,28.0,22.0,0.0,0.0,0.0,0.0,0.0,0.0
0x43ed7d1bf7c703136971ae5e64f6e7feea435535,A,-0.023514226387563838,178.19,174.0,0.0,3,0.0,0.0,0.0,0.0,0.0,200.0,200.0,178.19,174.0,0.0
0x444aeec0197ed90df4bf357b00273f5d6b690de0,A,-0.014752370916754479,70.226,69.19,0.0,2,0.0,0.0,0.0,0.0,0.0,74.0,74.0,70.226,69.19,0.0
0x45580feac3b916a88b7513929e26f86b3adea2b3,B,0.012439665048066468,379609.537938,230171.59405,154160.159389,248,385499.479389,231339.32,379609.537938,230171.59405,154160.159389,0.0,0.0,0.0,0.0,0.0
0x45746cf20077faef288188c9e0e31228f63fab3e,B,-1.0,14.43,0.0,0.0,1,0.0,0.0,0.0,0.0,0.0,39.0,0.0,14.43,0.0,0.0
0x459b23cf0b67b9bc1ab89394f3dc45c08df6a2cc,B,-0.045218908859385454,120.849997,115.3764,0.008892,4,179.678892,179.67,120.849997,115.3764,0.008892,0.0,0.0,0.0,0.0,0.0
0x461a591ce21697febe81213450b720504f294030,A,-0.0012981696751976641,2991.327,2987.44375,0.0,11,0.0,0.0,0.0,0.0,0.0,3273.0,3272.993668,2991.327,2987.44375,0.0
0x46c8535c15003d8c6c353c661d75567dcb9340db,A,0.0,1019.808,1019.808,0.0,22,0.0,0.0,0.0,0.0,0.0,1056.0,1056.0,1019.808,1019.808,0.0
0x47e027c41dbd85b534893edcce2eacc53aefd485,B,-1.0,122.985,0.0,0.0,5,0.0,0.0,0.0,0.0,0.0,7365.0,0.0,122.985,0.0,0.0
0x48263f647cc73b39c5e0c560af5a867e57bd6493,A,-0.002068252326783868,7.736,7.72,0.0,2,0.0,0.0,0.0,0.0,0.0,8.0,8.0,7.736,7.72,0.0
0x482ba2b19ba56086abebe8796031032dc97c85f9,B,-0.8805220153483241,70.399999,8.41125,0.0,3,0.0,0.0,0.0,0.0,0.0,1000.458714,550.45,70.399999,8.41125,0.0
0x484f73a9e91dc5b24ec9c32de8f1540b51fe19ec,B,0.002523977788995457,99.05,99.3,0.0,4,100.0,100.0,99.05,99.3,0.0,0.0,0.0,0.0,0.0,0.0
0x48d2bfd5c9d4e16a1f63efaeeb7c6665ba481c1c,B,-0.002019002019002019,2.999997,2.99364,0.0003,2,3.0303,3.03,2.999997,2.99364,0.0003,0.0,0.0,0.0,0.0,0.0
0x4930980e617870992d92a31c8ca0687ccfdc0463,A,0.0,590.58,590.58,0.0,14,0.0,0.0,0.0,0.0,0.0,612.0,612.0,590.58,590.58,0.0
0x49ce241ea7f07d3620e216ec1542d3f5f1e9b599,A,2.703703835185192,19.999999,0.0,74.074073,1,74.074073,0.0,19.999999,0.0,74.074073,0.0,0.0,0.0,0.0,0.0
0x49ddab776e728247a88c86283dd440b7d4bb83e9,B,-0.4466102807017544,285.0,157.71607,0.0,4,0.0,0.0,0.0,0.0,0.0,30387.51111,20000.0,285.0,157.71607,0.0
0x4a3cb3563ed7d8aca1879b7e0cb3bc71b91bdcca,B,-1.0,9.999999,0.0,0.0,1,0.0,0.0,0.0,0.0,0.0,14.947682,0.0,9.999999,0.0,0.0
0x4aa13462a40d3477a1c11748f52c11e2a4a574f9,B,-1.0,1.2,0.0,0.0,1,0.0,0.0,0.0,0.0,0.0,600.0,0.0,1.2,0.0,0.0
0x4b41dc21ee46c347fea27a78625475f9ca318c29,B,1.0625,7.2,14.85,0.0,2,15.0,15.0,7.2,14.85,0.0,0.0,0.0,0.0,0.0,0.0
0x4bc72c7a4b29e8ff5377066001b5695a1491502e,B,-0.0008853645217281581,87.999912,82.834,5.088,4,88.088,83.0,87.999912,82.834,5.088,0.0,0.0,0.0,0.0,0.0
0x4cf1ad8f0ebba02871fc14bc7d0b52d2d7336185,A,0.0,1483.296,1483.296,0.0,32,0.0,0.0,0.0,0.0,0.0,1536.0,1536.0,1483.296,1483.296,0.0
0x4d6f057ee77d58a8487bafc9e128f69654569314,B,-0.001001001001001001,109.51038,109.40076,0.0,4,109.62,109.62,109.51038,109.40076,0.0,0.0,0.0,0.0,0.0,0.0
0x4dbe31117522f389e4ec87fb32c1af7b59012f18,A,-0.2391687113168261,0.279999,0.2097,0.003332,2,2.333332,2.33,0.279999,0.2097,0.003332,0.0,0.0,0.0,0.0,0.0
0x4e25605fd905e9972efc0f4d8814530c655cd7a7,B,-0.37693592317906666,20679.109227,228.7701,12655.64,28,12655.64,0.0,10407.31718,0.0,12655.64,47961.603166,35305.67,10271.792047,228.7701,0.0
0x4e8c229a85ed66c8748455c3a1696757415fef04,B,-0.06267817857009687,0.589998,0.55165,0.001368,2,0.851368,0.85,0.589998,0.55165,0.001368,0.0,0.0,0.0,0.0,0.0
0x4ef30bc412523365c3e6f4de7f3d7ed6e53f3d1b,A,-0.22851307617102531,2.999999,2.306,0.00846,2,11.53846,11.53,2.999999,2.306,0.00846,0.0,0.0,0.0,0.0,0.0
0x4f54ea3f1c76d7c02142362c7ea200ec995667f0,A,-1.0,1.299998,0.0,0.0,1,0.0,0.0,0.0,0.0,0.0,1.352756,0.0,1.299998,0.0,0.0
0x4fc210c14e050ab524dab4f3b3714107e1bcef33,B,-1.0,24.5,0.0,0.0,1,0.0,0.0,0.0,0.0,0.0,50.0,0.0,24.5,0.0,0.0
0x4fea1f8f10940f33bcd61fddd79dfea88a65d383,A,-0.5721843849705595,31.183995,13.341,0.0,8,0.0,0.0,0.0,0.0,0.0,2211.4945,1205.49,31.183995,13.341,0.0
0x50a0a3c37f108891572ceccae154fecc46f0e37a,A,-0.0006038647342995169,11.592,11.585,0.0,4,0.0,0.0,0.0,0.0,0.0,12.0,12.0,11.592,11.585,0.0
0x520a7ab994ea2cbaa5e993f1bce6c179aa044d62,A,-0.0010351966873706005,6.762,6.755,0.0,2,0.0,0.0,0.0,0.0,0.0,7.0,7.0,6.762,6.755,0.0
0x528b48250edb92a37ce1c874917f08104209fbf6,A,0.1125,100.0,111.25,0.0,2,0.0,0.0,0.0,0.0,0.0,125.0,125.0,100.0,111.25,0.0
0x52c0d127b13b19690f7deac35c9acb6465430e1e,B,-1.0,20.0,0.0,0.0,1,0.0,0.0,0.0,0.0,0.0,3333.333332,0.0,20.0,0.0,0.0
0x533c697dee31f751af0dbb5805002437e1236892,A,0.0,6.762,6.762,0.0,2,0.0,0.0,0.0,0.0,0.0,7.0,7.0,6.762,6.762,0.0
0x542aae10712e812bd71d792861ec5a570aa8a81b,A,0.7994527414563065,22590.774219,40646.132458,4.898142,130,56422.961099,56418.062957,19892.774396,36490.406178,4.898142,13983.869317,13978.97,2697.999823,4155.72628,0.0
0x552b09b8bff194624ab0d75b4bdea3675121604b,B,-1.0,0.999999,0.0,0.0,1,0.0,0.0,0.0,0.0,0.0,4.484303,0.0,0.999999,0.0,0.0
0x576b367f67d2a1d5761d5073594391116cf7728c,B,-0.001004016064257028,52.539,52.48625,0.0,2,52.75,52.75,52.539,52.48625,0.0,0.0,0.0,0.0,0.0,0.0
0x57c5de7efafb020e589f80e0da6e16e9b5c907aa,A,0.23286370995279573,307.7899,379.462998,0.0,5,0.0,0.0,0.0,0.0,0.0,421.63,421.625554,307.7899,379.462998,0.0
0x5811eff98d7f8c5c637708d34bdb12f9244d09c0,B,0.00101010101010101,1038.8466,1039.89594,0.0,24,1049.34,1049.34,1038.8466,1039.89594,0.0,0.0,0.0,0.0,0.0,0.0
0x58e6f64815712dd872dc4b19b5952cd86162ac74,A,6.1431571578578925,0.019999,0.0,0.142856,1,0.142856,0.0,0.019999,0.0,0.142856,0.0,0.0,0.0,0.0,0.0
0x59a6c64843cd3f7608a263d35b998f4bcc2184a9,B,-1.0,7.3999999999999995,0.0,0.0,3,0.0,0.0,0.0,0.0,0.0,1278.095237,0.0,7.3999999999999995,0.0,0.0
0x59aab6f0db31ead4b76949ace79cd5cfb2e34aac,A,-0.002068252326783868,7.736,7.72,0.0,2,0.0,0.0,0.0,0.0,0.0,8.0,8.0,7.736,7.72,0.0
0x59e4aab7baa80484a36d97463b46934bc5dc87dd,A,-0.0010718113612004287,7.464,7.456,0.0,2,0.0,0.0,0.0,0.0,0.0,8.0,8.0,7.464,7.456,0.0
0x5ad335518846650f90b13d8351544c309a4e5a54,B,0.001001001001001001,1558.05039,0.0,1559.61,2,1559.61,0.0,1558.05039,0.0,1559.61,0.0,0.0,0.0,0.0,0.0
0x5afcd180dd51bf8a15c9e5a2f4c1df5b3b0dba0b,B,0.24899248672876348,20.187079,25.21351,0.0,5,0.0,0.0,0.0,0.0,0.0,74.658259,74.65,20.187079,25.21351,0.0
0x5b0721f4e910b35d4e81928fc34a514baf135de1,A,3.6640802213600736,2.9999990000000003,13.98951,0.002726,2,27.272726,27.27,2.9999990000000003,13.98951,0.002726,0.0,0.0,0.0,0.0,0.0
0x5b736db0d74083948a2675fcd03498ddddb84766,A,0.4774405644140905,3675.617379,5430.49955,0.006665,64,10035.136665,10035.13,3675.617379,5430.49955,0.006665,0.0,0.0,0.0,0.0,0.0
0x5cc07a8d74bca06e4656df7813969aae3b9fcc95,B,-1.0,19.999999000000003,0.0,0.0,1,0.0,0.0,0.0,0.0,0.0,35.714284,0.0,19.999999000000003,0.0,0.0
0x5cc3b8006a376c5d861f0fb9c21cafc6498423b3,A,3.0,5.0,0.0,20.0,1,20.0,0.0,5.0,0.0,20.0,0.0,0.0,0.0,0.0,0.0
0x5dc384163a971f3fdafbac21cff3b6c90bc0db8a,B,0.12120550550934113,21.999999,24.66652,0.0,13,0.0,0.0,0.0,0.0,0.0,6916.666664,6916.66,21.999999,24.66652,0.0
0x5de1bf1666d0ba84631b43121b7ce27f3635cddf,A,0.4920213536328876,15.569997,0.0,23.230768,2,23.230768,0.0,10.569999,0.0,23.230768,6.578945,0.0,4.999998000000001,0.0,0.0
0x5e090847ff704b55de5b7b0794ae81a17945e03a,B,-0.33884328523090523,6501.409994,4298.44744,0.003433,24,856.343433,856.34,847.779998,844.59124,0.003433,398531.15279,398531.15,5653.629996,3453.8561999999997,0.0
0x5fb891b045ae2af49757d900ce65e137d0add53c,B,5.022602218453578e-08,19.909997999999998,19.90995,4.9e-05,2,20.010049,20.01,19.909997999999998,19.90995,4.9e-05,0.0,0.0,0.0,0.0,0.0
0x5fc814d89c2aa979bd987add20d6eb39eb0439ef,B,0.004041242257930707,221603.029673,121387.644238,101110.936963,127,223331.905986,122220.969023,221603.029673,121387.644238,101110.936963,0.0,0.0,0.0,0.0,0.0
0x605f26d228e6eb85e38d16e79d9e54b9d36e8b0a,A,8.091304565228262,0.019999,0.0,0.181817,1,0.181817,0.0,0.019999,0.0,0.181817,0.0,0.0,0.0,0.0,0.0
0x623d825c533a2b8e104e59892c80bd9796285169,A,-0.022030201774356613,133.039998,130.1091,0.0,2,0.0,0.0,0.0,0.0,0.0,146.1978,146.19,133.039998,130.1091,0.0
0x62c908aa88c9d9142c5043c8026f4fe211908a81,B,5.112599526786306e-06,16.429998,16.42368,0.006402,2,16.646402,16.64,16.429998,16.42368,0.006402,0.0,0.0,0.0,0.0,0.0
0x62d2bcd198bb6eab8b7eeb9d2061815dc02b9eb7,B,0.018132798277228194,35982.087763,0.0,36634.543702,42,36634.543702,0.0,35982.087763,0.0,36634.543702,0.0,0.0,0.0,0.0,0.0
0x64c8ec47e1f5a367f234a74f8176d805e87173ce,B,-0.84072355495804,211009.290094,33608.809597,0.0,125,0.0,0.0,0.0,0.0,0.0,245228.839063,245228.824424,211009.290094,33608.809597,0.0
0x64e3b35f99289a14a013e5aa460790ba6daf3371,B,0.001006147536741533,29.949882,29.97935,0.000666,2,30.130666,30.13,29.949882,29.97935,0.000666,0.0,0.0,0.0,0.0,0.0
0x68874a6a673fffb40082ab71c82eeed331363626,B,0.006036217303822937,0.999964,0.0,1.006,1,1.006,0.0,0.999964,0.0,1.006,0.0,0.0,0.0,0.0,0.0
0x68a75bbb7cec9a442d4fdf153f50182e90828da6,B,-1.0,21.909993,0.0,0.0,5,0.0,0.0,0.0,0.0,0.0,343.882313,0.0,21.909993,0.0,0.0
0x68c24bf4a8ad4d79a6fe4b8eec6f93a02dfd1711,A,0.18097422140651712,7447.035973,8792.90751,1.85,26,7166.59,7164.74,4285.16851,6067.87431,1.85,6048.6419,6048.64,3161.867463,2725.0332,0.0
0x68c486c725b909e8801911e7b0ec2bda75851ce7,B,-0.001001001001001001,161.72811,161.56622,0.0,8,161.89,161.89,161.72811,161.56622,0.0,0.0,0.0,0.0,0.0,0.0
0x68ee54dea57c5384ef0a53b59d98acbe7bfa9d12,B,-0.8915563242022997,5.499998,0.59644,0.0,4,0.0,0.0,0.0,0.0,0.0,149.117976,149.11,5.499998,0.59644,0.0
0x6ab9b0f2c87856f2eccdc1b30229077a17783a27,B,-0.001001001001001001,42.47748,42.43496,0.0,2,42.52,42.52,42.47748,42.43496,0.0,0.0,0.0,0.0,0.0,0.0
0x6b58eb9d0e2b3b32ea6ce185bab05c73ae8fc6a8,A,0.1643835616438356,365.0,425.0,0.0,2,0.0,0.0,0.0,0.0,0.0,500.0,500.0,365.0,425.0,0.0
0x6ba7e8bc5482c741cf6f18dc80f27a6b744ca18b,A,9.729223307645674,0.159999,0.0,1.716665,4,1.716665,0.0,0.159999,0.0,1.716665,0.0,0.0,0.0,0.0,0.0
0x6c5dd092089e3db777ed8bf90cebbb313d6e1da6,B,-0.002349811154544167,267.28999,265.51934,1.142569,11,271.512569,270.37,267.28999,265.51934,1.142569,0.0,0.0,0.0,0.0,0.0
0x6d35834f42413dbdc9ca6852b2301337a61bcb4e,B,0.0858815402540191,432.67499499999997,469.83379,0.0,13,0.0,0.0,0.0,0.0,0.0,46839.899782,46839.89,432.67499499999997,469.83379,0.0
0x6d39544dc6af879918ac8381766636d6c816e9f2,A,0.1669596522068653,0.189998,0.22172,0.0,2,0.0,0.0,0.0,0.0,0.0,0.231706,0.23,0.189998,0.22172,0.0
0x6e5f8368da6ccc7aa5fa5d12577b8ae6b9295da7,B,0.00101010101010101,13.86,13.874,0.0,2,14.0,14.0,13.86,13.874,0.0,0.0,0.0,0.0,0.0,0.0
0x6f3d548be152d896cb5732181c2f1333e041457e,B,0.005025125628140704,476.02989,0.0,478.422,1,478.422,0.0,476.02989,0.0,478.422,0.0,0.0,0.0,0.0,0.0
0x6f5b0308144b290c1ef94d26fb48440f5ed46759,A,0.7580645161290323,62.0,9.0,100.0,3,200.0,100.0,62.0,9.0,100.0,0.0,0.0,0.0,0.0,0.0
0x6fd14b6060f4808e4f5fda18a5c068426eb2bb55,B,0.008064516129032258,289.92998,0.0,292.268125,1,292.268125,0.0,289.92998,0.0,292.268125,0.0,0.0,0.0,0.0,0.0
0x6febb855756347d57c5af5635bfc98bc791f94e5,A,-1.0,7.099992,0.0,0.0,1,0.0,0.0,0.0,0.0,0.0,7.88888,0.0,7.099992,0.0,0.0
0x706527d838b292ef72fcb021d10003459b46c100,A,-0.6612470039147359,44.999971,0.0,15.243875,2,15.243875,0.0,14.999973,0.0,15.243875,31.446539,0.0,29.999998,0.0,0.0
0x70bc54fdba5ff5da1473443bfa4b0f85da05c111,B,-1.0,99.999999,0.0,0.0,4,0.0,0.0,0.0,0.0,0.0,11653.464692,0.0,99.999999,0.0,0.0
0x70e40fe6c5bbcf14b82270bb8e1d38ff020f1f94,B,-0.5241215478254139,181.99499600000001,86.59906000000001,0.008437,11,63.008437,63.0,45.979999,39.501,0.008437,2541.374338,169.66,136.014997,47.098060000000004,0.0
0x716ba49017a0cbd5fa1cc5ba9af80ab18105bc21,A,0.0,370.656,370.656,0.0,8,0.0,0.0,0.0,0.0,0.0,384.0,384.0,370.656,370.656,0.0
0x71ed0bc95433cdf1be29f43219725fce9addd9eb,A,0.004221180522715355,216975.573793,184713.888047,33177.578812,223,219533.249862,186355.67105,216498.469093,184244.183347,33177.578812,684.39,684.39,477.1047,469.7047,0.0
0x724216bea57cdc3d53710d12b7d0648fd3c86063,A,-1.0,99.99999799999999,0.0,0.0,1,0.0,0.0,0.0,0.0,0.0,113.636362,0.0,99.99999799999999,0.0,0.0
0x72868b1cc1f873c2c86140c97a2b1c7d3d040171,B,-0.6478751612903226,310.0,109.1587,0.0,4,0.0,0.0,0.0,0.0,0.0,15594.109135,15594.1,310.0,109.1587,0.0
0x73a0ff085512d62a99d8d786a9ebbcfb417e6968,A,0.0,1668.768,1668.768,0.0,36,0.0,0.0,0.0,0.0,0.0,1728.0,1728.0,1668.768,1668.768,0.0
0x743848257bffb0dd616ae0e8cb98e098f06e57e7,A,-0.03199031990319903,0.099999,0.0968,0.0,2,0.0,0.0,0.0,0.0,0.0,0.11111,0.11,0.099999,0.0968,0.0
0x745ae9cbc1784a62ebd7d9fe8b04a6f6f8f064e8,B,0.019381488108155442,2714.32744,2730.23788,36.697265,435,917.697265,881.0,567.23254,560.728,36.697265,36633.452851,36596.749903,2147.0949,2169.50988,0.0
0x747de92f5d32a8b16dcc6f455e5fc223882c8879,B,-0.5,3.5,1.75,0.0,4,0.0,0.0,0.0,0.0,0.0,1750.0,1750.0,3.5,1.75,0.0
0x74b2a4bac75bd0f1b7c78c0dd793876c2b41282b,B,0.0,99.0,99.0,0.0,4,100.0,100.0,99.0,99.0,0.0,0.0,0.0,0.0,0.0,0.0
0x74ddf7831b202ffe92d6aba03e61c7c540440b04,A,0.0,648.768,648.768,0.0,14,0.0,0.0,0.0,0.0,0.0,672.0,672.0,648.768,648.768,0.0
0x770e06c9e8d0c14065f7c0b8ac0e0ecd50287640,B,-0.329137585469445,11672.019607,7830.319256,0.0,216,0.0,0.0,0.0,0.0,0.0,461636.354988,461636.35303,11672.019607,7830.319256,0.0
0x78fa74a9b2db52686fbfe803c76a47543df3103a,A,-0.4037968698218992,250.999967,149.637,0.009966,5,776.819966,776.81,250.999967,149.637,0.009966,0.0,0.0,0.0,0.0,0.0
0x7b98a925dd99be9599d5805269e25ad1b4d7ef9a,B,-0.10784084057559151,260.393,232.312,0.0,24,213.0,213.0,90.905,77.36,0.0,760.0,760.0,169.488,154.952,0.0
0x7be5e9a946802867f5562272fb9cfa51e6ce8aa3,A,-0.14756065589720999,0.739994,0.6308,0.0,2,0.0,0.0,0.0,0.0,0.0,0.831454,0.83,0.739994,0.6308,0.0
0x7cacfd79844820ea27d92c637a974f02a658f128,A,-0.3487793476002493,48.13,31.34325,0.0,15,0.0,0.0,0.0,0.0,0.0,50.5,32.75,48.13,31.34325,0.0
0x7ce4a6dbada09d8b1b40e17b8b84370737da6159,A,-0.06551688101593464,61.815,57.765074,0.0,24,0.0,0.0,0.0,0.0,0.0,65.0,64.991086,61.815,57.765074,0.0
0x7db209675792bbcf15a453b30877418a6f488ad9,B,-1.0,0.33999900000000005,0.0,0.0,1,0.0,0.0,0.0,0.0,0.0,1.027189,0.0,0.33999900000000005,0.0,0.0
0x7e252220c0604fd1d7d7a0c9369395715e6af579,B,-1.0,19.76,0.0,0.0,1,0.0,0.0,0.0,0.0,0.0,61.75,0.0,19.76,0.0,0.0
0x7e9c3555e1fbb13d9ed9bb87713803826c140669,A,0.03135252542372881,118.0,121.699598,0.0,11,0.0,0.0,0.0,0.0,0.0,130.0,129.999573,118.0,121.699598,0.0
0x7ec42afe3b076b3ffab6dd32a64cc03e5b76a2c6,A,-1.0,5.39,0.0,0.0,7,0.0,0.0,0.0,0.0,0.0,7.0,0.0,5.39,0.0,0.0
0x80d1a0d1a5a66ea002b8e1dbd381d90f61e2f6c4,B,0.007137584425302346,49.999969,50.34848,0.008368,2,50.968368,50.96,49.999969,50.34848,0.008368,0.0,0.0,0.0,0.0,0.0
0x80f77df34d66a15f36a832dae4c61d9316ca0d6f,A,-1.0,0.87,0.0,0.0,1,0.0,0.0,0.0,0.0,0.0,1.0,0.0,0.87,0.0,0.0
0x8164b38023e39e76ba038c12282da06a3d86847a,A,-1.0,0.259997,0.0,0.0,1,0.0,0.0,0.0,0.0,0.0,0.285711,0.0,0.259997,0.0,0.0
0x8168087128f0d67798ea1bf708d50e3bef7d9319,B,-0.0010027192131191365,193.32431,193.13046,0.0,10,193.85,193.85,193.32431,193.13046,0.0,0.0,0.0,0.0,0.0,0.0
0x8267694f07437124ea5a2e9e9cc1d3adf682918d,A,0.056043956043956046,45.5,48.05,0.0,2,0.0,0.0,0.0,0.0,0.0,50.0,50.0,45.5,48.05,0.0
0x827eb8222109da285fe7a94e2a8c6a5cd753dffd,A,-0.00043114598603087004,11.597,11.592,0.0,5,0.0,0.0,0.0,0.0,0.0,12.0,12.0,11.597,11.592,0.0
0x82ed61cfe9fdf4a1bd0894f55425c1e8690e75de,A,-0.00869277881964877,0.689998,0.684,0.0,2,0.0,0.0,0.0,0.0,0.0,0.766665,0.76,0.689998,0.684,0.0
0x8304ada4e1747a1d188d7233b5c047dfce42f086,A,0.22736842105263158,47.5,58.3,0.0,6,0.0,0.0,0.0,0.0,0.0,70.0,70.0,47.5,58.3,0.0
0x83fd618e2143619286a95c956815f0c10def495c,A,-0.026737967914438502,6.545,6.37,0.0,2,0.0,0.0,0.0,0.0,0.0,7.0,7.0,6.545,6.37,0.0
0x844a193f2d8688472cdeaa6c47f8f0dd4e62193b,A,-1.0,0.039998,0.0,0.0,1,0.0,0.0,0.0,0.0,0.0,0.041151,0.0,0.039998,0.0,0.0
0x846f10bb6a12acc6eda5ffe3b12288aa38e4750e,B,-1.0,261.78180000000003,0.0,0.0,2,0.0,0.0,0.0,0.0,0.0,2404.47,0.0,261.78180000000003,0.0,0.0
0x849c6a7d8f6b114fb105d86aaeaf6faabf1efac4,B,1.7729316558677024,8.679999,24.0645,0.004544,2,39.454544,39.45,8.679999,24.0645,0.004544,0.0,0.0,0.0,0.0,0.0
0x84cdcb44555c6406b9c3f449347bf384af849a42,B,-0.002011780040235649,99.999998,99.7952,0.00362,2,100.60362,100.6,99.999998,99.7952,0.00362,0.0,0.0,0.0,0.0,0.0
0x851052d90778e14509ec5de4682f002806903908,B,-0.0010009193399632297,146.948904,146.79582,0.006,6,147.096,147.09,146.948904,146.79582,0.006,0.0,0.0,0.0,0.0,0.0
0x85204aca7b26c96c4c7b74c7c2c072ba164cb209,A,-0.0007388798581350672,6.767,6.762,0.0,3,0.0,0.0,0.0,0.0,0.0,7.0,7.0,6.767,6.762,0.0
0x8580faf786a9340d2b87787959f26fd79e760fcd,A,0.0,1946.4,1946.4,0.0,42,0.0,0.0,0.0,0.0,0.0,2016.0,2016.0,1946.4,1946.4,0.0
0x85b68b573dd7becfd38033111d3b91b131196042,B,-1.0,1010.7699989999999,0.0,0.0,1,0.0,0.0,0.0,0.0,0.0,49256.35476,0.0,1010.7699989999999,0.0,0.0
0x86263996e0481e5d18efdbda98cfbcd725c576d9,B,-0.36363636363636365,110.0,70.0,0.0,3,0.0,0.0,0.0,0.0,0.0,17500.0,10000.0,110.0,70.0,0.0
0x865d27f35567651937150fc77c7080091f71df77,B,-0.0015060712183532375,95.24118,95.09774,0.0,4,95.91,95.91,95.24118,95.09774,0.0,0.0,0.0,0.0,0.0,0.0
0x8660790e60198c134803364b6e9b581b7e8afb4c,A,0.0,556.32,556.32,0.0,12,0.0,0.0,0.0,0.0,0.0,576.0,576.0,556.32,556.32,0.0
0x86b33c054424fde6c46caeb962ed574f5c5728d5,A,-1.0,0.999999,0.0,0.0,1,0.0,0.0,0.0,0.0,0.0,1.0989,0.0,0.999999,0.0,0.0
0x872a8e00b736745f6489888592b251824e9ec0e7,B,-1.0,199.949999,0.0,0.0,1,0.0,0.0,0.0,0.0,0.0,14481.712141,0.0,199.949999,0.0,0.0
0x8774da131b1de1e86a85834f3824bbb4424f48e5,A,-0.002068252326783868,9.67,9.65,0.0,2,0.0,0.0,0.0,0.0,0.0,10.0,10.0,9.67,9.65,0.0
0x8795bcb2fe129d1ea3e3d73bc13a3d8078047544,B,0.5161298274960233,17138.915439,9940.0,16044.820908,8,26044.820908,10000.0,17138.915439,9940.0,16044.820908,0.0,0.0,0.0,0.0,0.0
0x880b5905614787c6de8e7a25ea78b85ba8bd66b5,A,0.0,278.016,278.016,0.0,6,0.0,0.0,0.0,0.0,0.0,288.0,288.0,278.016,278.016,0.0
0x888b680062472901e8fe86d24c56808d1504123b,A,-1.0,1.189996,0.0,0.0,1,0.0,0.0,0.0,0.0,0.0,1.307688,0.0,1.189996,0.0,0.0
0x88a8396e73d65fc2915d2d05b34ab4f97cd5f598,A,0.0,1703.028,1703.028,0.0,38,0.0,0.0,0.0,0.0,0.0,1764.0,1764.0,1703.028,1703.028,0.0
0x89b1f35760bb766d04a546677e4a44b18330857e,B,0.0,3.0,3.0,0.0,2,0.0,0.0,0.0,0.0,0.0,500.0,500.0,3.0,3.0,0.0
0x8a18964f3b822c8ccd654a4b2f5201ec1ee94058,A,-0.4320029171946436,21.36299,12.1323,0.001816,14,0.181816,0.18,0.019998,0.018,0.001816,23.829761,13.63,21.342992,12.1143,0.0
0x8a7b303be8e889df63f556dd5be6473938086c17,B,-0.000902554920958634,370.14922,369.81514,0.0,18,372.21,372.21,370.14922,369.81514,0.0,0.0,0.0,0.0,0.0,0.0
0x8afa7d5e0f289b85b2bc89dd5ef6be39fc5b1265,A,-1.0,19.3,0.0,0.0,1,0.0,0.0,0.0,0.0,0.0,20.0,0.0,19.3,0.0,0.0
0x8b3fbfc96444dc034b0342e3b377baaa3a4f164d,A,-1.0,9.999999,0.0,0.0,1,0.0,0.0,0.0,0.0,0.0,11.235954,0.0,9.999999,0.0,0.0
0x8cac8b80cb5a30b0511d5076bfd49ad6fec1a334,B,-1.0,1.0,0.0,0.0,1,0.0,0.0,0.0,0.0,0.0,142.857141,0.0,1.0,0.0,0.0
0x8d08eb035db5dff871afdc570a342eb2146e0080,B,-1.0,446.754679,0.0,0.0,53,0.0,0.0,0.0,0.0,0.0,51525.463218,0.0,446.754679,0.0,0.0
0x8de426b20d51ca0c40a2fafe2ec4065ada0cb516,A,-0.31628797692327953,101.185955,69.1761,0.005954,5,988.235954,988.23,101.185955,69.1761,0.005954,0.0,0.0,0.0,0.0,0.0
0x8f6feee57c92df85c007c9832d8e5bcbfab18e3d,A,-1.0,0.689996,0.0,0.0,1,0.0,0.0,0.0,0.0,0.0,0.802321,0.0,0.689996,0.0,0.0
0x9126e8552a45c1c1c97f482c5b522fa6b0aef194,A,-0.0037188293968194223,10.627,10.58748,0.0,4,0.0,0.0,0.0,0.0,0.0,11.0,11.0,10.627,10.58748,0.0
0x91784d82fbe4543459ee85fc9809be185d70a2b2,A,-0.10293957034362322,135.492182,121.5399,0.004775,18,684.814775,684.81,135.492182,121.5399,0.004775,0.0,0.0,0.0,0.0,0.0
0x91bb108bf66266c2f9063ef39ec45ebe33dbb6e9,B,-0.001001001001001001,95.904,95.808,0.0,4,96.0,96.0,95.904,95.808,0.0,0.0,0.0,0.0,0.0,0.0
0x91f0582cc18a97d08e99f87d390626c2b41923bb,A,-0.006309801261960218,9.999998,9.9369,0.0,2,0.0,0.0,0.0,0.0,0.0,10.869564,10.86,9.999998,9.9369,0.0
0x93a590ac84ed62dea6bf8898de971f8e1787acbc,B,-0.2903465077794249,1217.635,864.09893,0.0,14,0.0,0.0,0.0,0.0,0.0,36315.0,36315.0,1217.635,864.09893,0.0
0x941137789d1aada8b0308d0674cce93cbadcb840,A,0.0,1483.104,1483.104,0.0,32,0.0,0.0,0.0,0.0,0.0,1536.0,1536.0,1483.104,1483.104,0.0
0x94565e5bfee4569506ad8dbc9000021786cdc9d8,A,-0.005291005291005291,59.535,59.22,0.0,2,0.0,0.0,0.0,0.0,0.0,63.0,63.0,59.535,59.22,0.0
0x95564bdc296f686daecf6ded78eb6e836abf316d,A,-0.6071428571428571,4.2,1.65,0.0,2,15.0,15.0,4.2,1.65,0.0,0.0,0.0,0.0,0.0,0.0
0x95d2c1964964f958dc7af4f4f6aef152fcd95cd1,B,-0.001011070561067738,87.66945,87.58081,0.0,4,88.11,88.11,87.66945,87.58081,0.0,0.0,0.0,0.0,0.0,0.0
0x961379dfe77f6e6b33832125ae9edbc4ffe4782e,A,0.0,834.336,834.336,0.0,18,0.0,0.0,0.0,0.0,0.0,864.0,864.0,834.336,834.336,0.0
0x96d6fb51c849e8c42548dbd755b77686ded13e1f,A,0.0,1444.024,1444.024,0.0,32,0.0,0.0,0.0,0.0,0.0,1496.0,1496.0,1444.024,1444.024,0.0
0x9834d996d918c77232784ae0d9c5d0912490c07c,A,-1.0,2.999999,0.0,0.0,1,0.0,0.0,0.0,0.0,0.0,4.054053,0.0,2.999999,0.0,0.0
0x98beeac28f65ede65c57df44fd593cc1de3eedbc,B,-0.000995999999999936,0.9999999999999999,0.997,0.002004,2,1.002004,1.0,0.9999999999999999,0.997,0.002004,0.0,0.0,0.0,0.0,0.0
0x98e48d46e30751d65421d37ee7c04fdba765dd50,B,0.06576813113220784,30.089999,32.06016,0.008802,2,58.088802,58.08,30.089999,32.06016,0.008802,0.0,0.0,0.0,0.0,0.0
0x991b38903b4a9011f9a73863d3b5723037f31e82,A,0.0,1463.804,1463.804,0.0,32,0.0,0.0,0.0,0.0,0.0,1516.0,1516.0,1463.804,1463.804,0.0
0x99231a92691082ea93065c5c8569ceb30665e925,B,0.0015128593040847202,198.3,198.6,0.0,3,200.0,200.0,198.3,198.6,0.0,0.0,0.0,0.0,0.0,0.0
0x9923426a5bb4350e1d9c03d90f3f4ba27c1a8da4,B,0.0010075584252976786,27.919969,27.9396,0.0085,2,28.0885,28.08,27.919969,27.9396,0.0085,0.0,0.0,0.0,0.0,0.0
0x99356e3ed448b544428ba2bf53317bd2239a9b3a,A,0.0,1629.976,1629.976,0.0,36,0.0,0.0,0.0,0.0,0.0,1688.0,1688.0,1629.976,1629.976,0.0
0x99a18b3de03fc7bf03bfbfb13f827ef6d018b0c3,A,1.7188981572540663,67.130741,182.51283,0.008818,49,1973.658818,1973.65,67.130741,182.51283,0.008818,0.0,0.0,0.0,0.0,0.0
0x99c06b043150f505a620ab2f9c0f9fadf7477e81,A,0.1446052066926502,423.71197,434.419199,50.563728,13,575.245393,524.681665,303.711971,335.139199,50.563728,1119.047618,1119.04,119.999999,99.28,0.0
0x99d44e0df89310da31a2b065adef516abc6bbbee,B,-1.0,1.3,0.0,0.0,1,0.0,0.0,0.0,0.0,0.0,100.0,0.0,1.3,0.0,0.0
0x9a81a4e09d801bf05fb820fd2a2473d7d375147a,B,0.4581081026810677,294.819996,0.0,429.879425,2,429.879425,0.0,294.819996,0.0,429.879425,0.0,0.0,0.0,0.0,0.0
0x9a840f6062800ebe310e83d1d19b9ba5cc8172b7,B,-1.0,1.0000000000000002,0.0,0.0,1,0.0,0.0,0.0,0.0,0.0,111.11111,0.0,1.0000000000000002,0.0,0.0
0x9c98846087fafece3ebb83e90a8838f18206eef4,A,0.08857949793437331,58.271904,63.4336,0.0,4,0.0,0.0,0.0,0.0,0.0,73.761903,73.76,58.271904,63.4336,0.0
0x9ca174b31146f9c2cfc314676b2e203087de3378,A,0.1312219070230623,286.041019,323.575867,0.0,10,212.46,212.46,114.09102,209.48556,0.0,246.839057,246.829681,171.949999,114.090307,0.0
0x9d84ce0306f8551e02efef1680475fc0f1dc1344,A,-0.043361457931545416,20678.756568,2494.60826,17287.487275,131,17287.487275,0.0,1813.704658,0.0,17287.487275,22441.730901,5154.24,18865.051910000002,2494.60826,0.0
0x9f0df3303c52321902fcd9f6b6145b5d9164da48,B,0.15896920601592682,139.966397,162.21402,0.002724,9,262.932724,262.93,137.006397,159.74737,0.002724,493.333332,493.33,2.96,2.46665,0.0
0x9f69dd74cfacb801cdddd9c8bad6a8eff32ed8f6,B,-0.000999000999000999,4.999995,4.99,0.005,2,5.005,5.0,4.999995,4.99,0.005,0.0,0.0,0.0,0.0,0.0
0xa0273cdcab2b22667af0b971cd98432bd271ca1f,B,-1.0,49.979999,0.0,0.0,1,0.0,0.0,0.0,0.0,0.0,3863.846152,0.0,49.979999,0.0,0.0
0xa074d2ead6799dc4100c94cadcbcd387d0ed0f93,A,-1.0,17.62,0.0,0.0,1,0.0,0.0,0.0,0.0,0.0,20.0,0.0,17.62,0.0,0.0
0xa102b434ce441a3119e146f75ed6276ee1a836d9,B,0.01010924860203302,263720.160019,54569.91,211816.262678,62,266826.262678,55010.0,263720.160019,54569.91,211816.262678,0.0,0.0,0.0,0.0,0.0
0xa22ac6c6a8f48d3f9113ff60cf27ec54b63038eb,A,-1.94336641590762e-05,2058.284,2058.244,0.0,46,0.0,0.0,0.0,0.0,0.0,2132.0,2132.0,2058.284,2058.244,0.0
0xa2b6629d4bd4401f06f0bd2ebdad359018ff6e50,B,0.00037552390666358097,1598.09,1598.675788,0.014333,16,1612.1875,1612.173167,1598.09,1598.675788,0.014333,0.0,0.0,0.0,0.0,0.0
0xa34ac88effbb678891e2708c5caa280b8edb97cf,B,0.23997806023895263,2.51598,3.11976,0.0,3,0.0,0.0,0.0,0.0,0.0,445.68,445.68,2.51598,3.11976,0.0
0xa3b248c2c9d4a2f64745d261410fd1db55f14e48,B,3.4568126479760237,112.821909,502.82409,0.002021,10,4.382021,4.38,2.822022,2.8251,0.002021,4999.994863,4999.9899,109.999887,499.99899,0.0
0xa3e22cd32aa9238ef7dbcfb4761e33b9eaa1fdf8,A,-0.007776825165450293,4887.817868,4344.109872,505.696291,248,4821.69151,4315.995219,2352.036665,2260.204369,505.696291,4595.15762,3997.476537,2535.781203,2083.905503,0.0
0xa3ef543b70008b7fa19e88413d0df1596bb0fe09,A,0.0,6.762,6.762,0.0,2,0.0,0.0,0.0,0.0,0.0,7.0,7.0,6.762,6.762,0.0
0xa4374cd725e910b1ba67e580c6ead69bfc023422,B,-0.5914706449933308,47.787998,19.5228,0.0,8,0.0,0.0,0.0,0.0,0.0,2304.86035,38.28,47.787998,19.5228,0.0
0xa45fa670f03e6dfd761f5ec26470797705b84c9b,A,-0.01817289248084065,0.21999799999999997,0.216,0.0,2,0.0,0.0,0.0,0.0,0.0,0.244443,0.24,0.21999799999999997,0.216,0.0
0xa472be8e2b0b8045b432c16658a52c7cb433c28e,A,-1.0,13.199985999999999,0.0,0.0,1,0.0,0.0,0.0,0.0,0.0,14.147895,0.0,13.199985999999999,0.0,0.0
0xa4e1647cad701d2347ecb894e276772c0e828c59,A,0.0,1498.352,1498.352,0.0,34,0.0,0.0,0.0,0.0,0.0,1552.0,1552.0,1498.352,1498.352,0.0
0xa519e8bc680603d433c5ce5c9235cd563552b61a,B,-0.002002002002002002,39.41055,39.33165,0.0,2,39.45,39.45,39.41055,39.33165,0.0,0.0,0.0,0.0,0.0,0.0
0xa5546c9986aaed594fb1856e54f14f53ea10ab62,B,0.7426086956521739,14.375,25.05,0.0,2,50.0,50.0,14.375,25.05,0.0,0.0,0.0,0.0,0.0,0.0
0xa6c77708aeb33c24adb53c83f78895bf7555366e,A,2.8461633846535386,0.249999,0.0,0.961537,1,0.961537,0.0,0.249999,0.0,0.961537,0.0,0.0,0.0,0.0,0.0
0xa79ad56ce146d93e8b33a0169a608461b8b17b55,A,-0.002068252326783868,10.637,10.615,0.0,2,0.0,0.0,0.0,0.0,0.0,11.0,11.0,10.637,10.615,0.0
0xa7bf1c5bc4d145e0662ada2a4ca5f29850f42e7e,A,-0.4985692970386043,567.875039,284.7466,0.00338,4,198.27338,198.27,137.789999,142.7544,0.00338,451.77,451.77,430.08504,141.9922,0.0
0xa893dfc3eb7ff8294ca3d56291873cf2f63faaf9,B,-0.001006036217303823,865.26706,864.39657,0.0,4,870.49,870.49,865.26706,864.39657,0.0,0.0,0.0,0.0,0.0,0.0
0xa8a21b49f82ac4bad416643e6a163dd13c315b23,B,-0.034579735360847144,31.479998,30.3912,0.000228,2,45.360228,45.36,31.479998,30.3912,0.000228,0.0,0.0,0.0,0.0,0.0
0xa8af4c7923857533b687df9bf02115156e3a325e,A,0.001382973700999099,590.651145,591.468,0.0,23,30.0,30.0,3.0,2.7,0.0,726.521052,726.52,587.651145,588.768,0.0
0xa933a22668d80bbd595c80ede146d500988b0dc2,B,-0.0010030313402757012,225.65596,225.42962,0.0,12,226.34,226.34,225.65596,225.42962,0.0,0.0,0.0,0.0,0.0,0.0
0xa98249c319c035b72092163c557969ed3493ceff,B,-1.0,2.12,0.0,0.0,1,0.0,0.0,0.0,0.0,0.0,212.0,0.0,2.12,0.0,0.0
0xa9d3ab9fa0315172da005d56d2cb6b6682126580,A,-0.026737967914438502,8.415,8.19,0.0,2,0.0,0.0,0.0,0.0,0.0,9.0,9.0,8.415,8.19,0.0
0xa9f9c0ca31912bee7ecd8aa25bfad07adcd6b3de,A,0.008324360602850963,5915.923078,5933.526905,31.64245,1000,3344.720518,3313.078068,1004.386509,988.001268,31.64245,90482.540184,90484.702396,4911.536569,4945.525637,0.0
0xaa4ceafa2163dd9b59fd96ffff346235e1a292c7,B,0.45466585885378696,113.999998,165.83103,0.000875,3,178.890875,178.89,99.999999,165.83103,0.000875,179.487178,0.0,13.999998999999999,0.0,0.0
0xaa81cfede9ff21704c9b6a9e26fcf3b84a1a6981,A,0.0,92.64,92.64,0.0,2,0.0,0.0,0.0,0.0,0.0,96.0,96.0,92.64,92.64,0.0
0xab11f902b8f4843b1b1b9fc80cd8ec64be453bf5,A,-0.034299034299034296,0.999999,0.9657,0.0,2,0.0,0.0,0.0,0.0,0.0,1.11111,1.11,0.999999,0.9657,0.0
0xab188016a5c595c258d366ed8fe8f0a293fb51f5,B,-0.0010008238483594646,22.579398,22.5548,0.002,2,22.602,22.6,22.579398,22.5548,0.002,0.0,0.0,0.0,0.0,0.0
0xab3bd10068f7b13249de8959793631c1868ea825,A,-0.0013691866827999597,5072.559562,3155.24278,1910.371501,23,5099.961501,3189.59,5065.559567,3149.90227,1910.371501,147.35436,64.01,6.999995,5.34051,0.0
0xab8c6d0a9c2c93c857374da81284839a14e08aba,A,2.8461633846535386,0.249999,0.0,0.961537,1,0.961537,0.0,0.249999,0.0,0.961537,0.0,0.0,0.0,0.0,0.0
0xac4502d32af912ac03deaece6b294d3c4f8e20c5,B,0.021456020585751648,2738.039832,0.0,2796.787271,6,2796.787271,0.0,2738.039832,0.0,2796.787271,0.0,0.0,0.0,0.0,0.0
0xacc7c860abfdd4adfbe387211df06678cc206938,A,0.0,1015.372,1015.372,0.0,24,0.0,0.0,0.0,0.0,0.0,1052.0,1052.0,1015.372,1015.372,0.0
0xad02cd63b07831e18318af1f857e1bc5dc2351b6,A,0.0,278.112,278.112,0.0,6,0.0,0.0,0.0,0.0,0.0,288.0,288.0,278.112,278.112,0.0
0xada0b67ed632a88d95811d75ece4672c2c870300,B,-0.02300943601806605,1.339972,1.30394,0.0052,5,1.0152,1.01,0.999972,1.00394,0.0052,20.0,20.0,0.34,0.3,0.0
0xadd024562a83c1b39953f492f46626599e919cb1,A,-0.005426075268817204,89.28,88.79556,0.0,4,0.0,0.0,0.0,0.0,0.0,93.0,93.0,89.28,88.79556,0.0
0xaddd8d60a7025c34bef8320f0e042c79a4817182,A,-1.0,0.999998,0.0,0.0,1,0.0,0.0,0.0,0.0,0.0,1.138951,0.0,0.999998,0.0,0.0
0xaeb2adf43031ac24a755e9cf76bb3baa5844c2be,B,-0.0020100502512562816,24.875,24.825,0.0,2,25.0,25.0,24.875,24.825,0.0,0.0,0.0,0.0,0.0,0.0
0xafa9c80ebd9c846ed6d2cd2d4adffc98f2a7dd46,B,-0.972972972972973,4.44,0.12,0.0,2,0.0,0.0,0.0,0.0,0.0,12.0,12.0,4.44,0.12,0.0
0xb126f164c3355a55f36e2fc9365947ac4eaa8cf0,A,0.00020716801325875285,366.852,366.928,0.0,10,0.0,0.0,0.0,0.0,0.0,380.0,380.0,366.852,366.928,0.0
0xb12f1fff08d99ee72c58a20a7c94b7784806baa5,B,-1.0,19.499999,0.0,0.0,1,0.0,0.0,0.0,0.0,0.0,433.333332,0.0,19.499999,0.0,0.0
0xb1c2687e233e747f37e30f6f0cb615f6e86042ed,B,-1.0,1.999999,0.0,0.0,1,0.0,0.0,0.0,0.0,0.0,4.444443,0.0,1.999999,0.0,0.0
0xb1c4f6499dd5e0149639af9379ea79c11acc0344,B,-0.0030144452166782692,4.999925,4.97952,0.005333,2,5.045333,5.04,4.999925,4.97952,0.005333,0.0,0.0,0.0,0.0,0.0
0xb236dcdbb0386929573851da101eb310315b1d5d,B,-0.9929134340278756,518.00689,3.67089,0.0,8,0.0,0.0,0.0,0.0,0.0,3670.89,3670.89,518.00689,3.67089,0.0
0xb2934313d3ab754f9207380e8b84502b30b3cb90,A,0.3333333333333333,2.898,3.864,0.0,4,69.0,69.0,2.898,3.864,0.0,0.0,0.0,0.0,0.0,0.0
0xb2d45409134a1b5eb9996bd6a4e02ea79a0d22a4,B,-0.974508921877343,13.338,0.34,0.0,3,0.0,0.0,0.0,0.0,0.0,34.0,34.0,13.338,0.34,0.0
0xb3472a1ff7ebc53e2ecda6680a9ed50f1516accd,A,-1.0,14.999998,0.0,0.0,1,0.0,0.0,0.0,0.0,0.0,15.527949,0.0,14.999998,0.0,0.0
0xb36d0ee6b7ff6b4d86e4f92cf686d73273aa8bfb,B,-0.9671238087141157,459.66821,15.11214,0.0,4,0.0,0.0,0.0,0.0,0.0,2518.69,2518.69,459.66821,15.11214,0.0
0xb3ec907f1e2ca15db35c004fe1e0f262f0aaf87f,A,-1.0,0.119998,0.0,0.0,1,0.0,0.0,0.0,0.0,0.0,0.130433,0.0,0.119998,0.0,0.0
0xb44196edf99826cf10d4ad9da8b162bc283ec874,B,0.011122345803842264,148.35,0.0,150.0,1,150.0,0.0,148.35,0.0,150.0,0.0,0.0,0.0,0.0,0.0
0xb476a3f52e6599bfb973611aee10c84ae7fa31a3,B,-0.9624739581937275,268.799999,10.087,0.0,4,0.0,0.0,0.0,0.0,0.0,27752.941175,1441.0,268.799999,10.087,0.0
0xb476ededfdfe23138c2926ddb568929cb072113c,B,-0.0020161290322580645,11.86432,11.8404,0.0,2,11.96,11.96,11.86432,11.8404,0.0,0.0,0.0,0.0,0.0,0.0
0xb6462ef1bf962d3cdabd2cd65b9469848d6abc66,A,-1.0,0.029987999999999997,0.0,0.0,1,0.0,0.0,0.0,0.0,0.0,0.032176,0.0,0.029987999999999997,0.0,0.0
0xb7020616cefafae89719dcf69a0985232087e291,B,-0.17714864113795176,4672.271301,3844.584789,0.0,64,1281.33,1281.33,1039.71954,1026.22164,0.0,7944.57652,7944.570206,3632.551761,2818.3631490000002,0.0
0xb86f5fe7476f46ba20431d81fa2c13cb0fb2208b,A,7.333333333333333,3.0,0.0,25.0,1,25.0,0.0,3.0,0.0,25.0,0.0,0.0,0.0,0.0,0.0
0xba0116fab5c6661ece01ec4cef4b028ddb671eba,B,0.001539441554305128,188.38,188.67,0.0,3,190.0,190.0,188.38,188.67,0.0,0.0,0.0,0.0,0.0,0.0
0xba2cb3168709dc3880243586448d6d67afc2bf17,B,0.02459016390923137,39039.996746,0.0,39999.996665,3,39999.996665,0.0,39039.996746,0.0,39999.996665,0.0,0.0,0.0,0.0,0.0
0xba968e0a89d3e1ecca6dabc349703cec565ec9c9,B,0.0,9.99996,9.99996,0.0,2,10.02,10.02,9.99996,9.99996,0.0,0.0,0.0,0.0,0.0,0.0
0xbb81b873482e71a5bf273716e8386143799f0685,B,-1.0,98.93999900000001,0.0,0.0,1,0.0,0.0,0.0,0.0,0.0,4480.086955,0.0,98.93999900000001,0.0,0.0
0xbbbcb6bf6afe534391a2d72069420dc536b2e74e,A,0.04850863422292,31.85,33.395,0.0,4,0.0,0.0,0.0,0.0,0.0,35.0,35.0,31.85,33.395,0.0
0xbc434b8c1ca0f918c20f2e43e55460d9f464f682,A,-0.00029167274318214965,1234.26,1233.9,0.0,28,0.0,0.0,0.0,0.0,0.0,1278.0,1278.0,1234.26,1233.9,0.0
0xbd1117058bc69ba594bccc3981f19d2dc29744e1,B,-0.31443647047490614,311.43,213.50504999999998,0.0,5,0.0,0.0,0.0,0.0,0.0,39023.912777,26000.0,311.43,213.50504999999998,0.0
0xbdd06a4a02e74745ad58b6ad5dc95442bcec4aa7,A,0.0,1019.616,1019.616,0.0,22,0.0,0.0,0.0,0.0,0.0,1056.0,1056.0,1019.616,1019.616,0.0
0xbdf67fa6c5269ab6aa57f127ebb4970a87a4c4ab,A,0.00014795088030773783,513.684,513.76,0.0,14,0.0,0.0,0.0,0.0,0.0,532.0,532.0,513.684,513.76,0.0
0xbea78797be5e3842799cde22917c5b2d623bbc30,B,0.0026066706162034205,25.359936,25.4235,0.002541,5,25.502541,25.5,25.359936,25.4235,0.002541,0.0,0.0,0.0,0.0,0.0
0xbed0b731b8c297c6e3128b82ba08df6a585077c7,A,3.207161125319693,3.91,16.45,0.0,3,170.0,170.0,3.91,16.45,0.0,0.0,0.0,0.0,0.0,0.0
0xbf5f6b7a81c232d9f4e138939532b3565f6da048,B,-1.0,216.639997,0.0,0.0,4,0.0,0.0,0.0,0.0,0.0,2398.249404,0.0,216.639997,0.0,0.0
0xbf78282f15166f376b9f6471689a7f0c92ebc8c4,A,0.4494819420535432,1590.30569,2305.11938,0.0,18,5064.08,5064.08,1590.30569,2305.11938,0.0,0.0,0.0,0.0,0.0,0.0
0xbfbb9bdd654cb928a1b7b36e994bd53512a4dc2b,B,-0.2773259518779665,1149.11395,830.43483,0.0,50,673.81,673.81,415.4956,469.88619,0.0,12570.06,11565.06,733.61835,360.54864,0.0
0xc163a2eeeff2dce269d26300b911a4829fd6ce49,A,-0.005291005291005291,80.325,79.9,0.0,2,0.0,0.0,0.0,0.0,0.0,85.0,85.0,80.325,79.9,0.0
0xc1ad7ef4aaa5b160ed3cb83f5518df6eb22f4716,A,-0.0015405821778967,12.333,12.314,0.0,4,0.0,0.0,0.0,0.0,0.0,13.0,13.0,12.333,12.314,0.0
0xc220fe7483a622e71923ebe1091ee5302bfb7485,B,2.3333353333353335,0.999999,0.0,3.333332,1,3.333332,0.0,0.999999,0.0,3.333332,0.0,0.0,0.0,0.0,0.0
0xc288a080d9fd922a1d7a43cc164442b784f3edb1,B,0.0027548209366391185,1089.0,992.0,100.0,5,1100.0,1000.0,1089.0,992.0,100.0,0.0,0.0,0.0,0.0,0.0
0xc3de5d251eabb1333129184711ad692f2607e227,B,0.00755641197768996,25.946706,26.14277,0.0,6,0.0,0.0,0.0,0.0,0.0,53.037922,53.03,25.946706,26.14277,0.0
0xc3eb6b6ddad95e4256805211934dc064fc7872ab,B,-0.001002004008016032,4.99998,4.99497,0.0,2,5.01,5.01,4.99998,4.99497,0.0,0.0,0.0,0.0,0.0,0.0
0xc41a905068e33ac1f82032008d5cd54aa56c0967,A,-1.0,0.299995,0.0,0.0,1,0.0,0.0,0.0,0.0,0.0,0.357137,0.0,0.299995,0.0,0.0
0xc44061067ac27a82fc4e96e40a8f6a90df42abb8,A,0.0,649.056,649.056,0.0,14,0.0,0.0,0.0,0.0,0.0,672.0,672.0,649.056,649.056,0.0
0xc440c68eeef8c4e0782ba26e77def7596ccd2e0e,A,-1.0,63.7,0.0,0.0,2,0.0,0.0,0.0,0.0,0.0,70.0,0.0,63.7,0.0,0.0
0xc462fb03bfd6412cb0f8f0384c3aafbf91f85e7a,A,0.06649103940349099,617.178666,658.211878,0.003639,14,4957.87,4957.866361,501.167,539.985098,0.003639,123.416665,123.41,116.01166599999999,118.22678,0.0
0xc4b8a7d646d583555f1b8cdb2f4fba328765b3f7,B,0.012145751369463323,1.699936,0.0,1.720583,1,1.720583,0.0,1.699936,0.0,1.720583,0.0,0.0,0.0,0.0,0.0
0xc545458feecd61e528f26d357f396a1cf742dc80,B,-1.0,29.55,0.0,0.0,1,0.0,0.0,0.0,0.0,0.0,1970.0,0.0,29.55,0.0,0.0
0xc54f5fb9fdf703d0b6ef5e6dd1896183f947dce8,B,0.03237276366713224,2136.604391,2172.77218,33.0,128,3445.56,3412.56,1601.57196,1679.89542,33.0,1911.99263,1911.99,535.032431,492.87676,0.0
0xc55dfb329ef9c3b675861584f4fb27f071650e39,B,-0.0010015458959612247,439.6803,439.23994,0.0,22,440.36,440.36,439.6803,439.23994,0.0,0.0,0.0,0.0,0.0,0.0
0xc5e2f4966a4a47c87b094eec96607685326125f7,A,0.1916418918918919,74.0,88.1815,0.0,2,0.0,0.0,0.0,0.0,0.0,100.0,100.0,74.0,88.1815,0.0
0xc6587b11a2209e46dfe3928b31c5514a8e33b784,A,0.004504640227453011,2595730.309768,2681.5420000000004,2604741.598941,288,2604741.598941,0.0,2586646.363193,0.0,2604741.598941,21476.310914,3111.43,9083.946575,2681.5420000000004,0.0
0xc7ba6db371cd5adcc4a7230c1775fd9162e61c1d,A,0.045054945054945054,16.0251,16.74711,0.0,2,0.0,0.0,0.0,0.0,0.0,17.61,17.61,16.0251,16.74711,0.0
0xc8275013f43be74fa7839a687aa06b43072fbd83,B,-0.001002004008016032,46.79622,46.74933,0.0,2,46.89,46.89,46.79622,46.74933,0.0,0.0,0.0,0.0,0.0,0.0
0xc8d080ad1f85f42fdd4bf270f4f7eb122bd933ba,A,-0.011430410898993751,29.989998,29.6472,0.0,2,0.0,0.0,0.0,0.0,0.0,33.696627,33.69,29.989998,29.6472,0.0
0xcb1007092b55e8f8499131f2a9d94d3e0a52c547,B,-0.0010113059667051563,9.999941,9.9879,0.001928,2,10.141928,10.14,9.999941,9.9879,0.001928,0.0,0.0,0.0,0.0,0.0
0xcbda8a19d1f0d68f1b336be0a36c3d2a75c7494f,A,0.0,92.736,92.736,0.0,2,0.0,0.0,0.0,0.0,0.0,96.0,96.0,92.736,92.736,0.0
0xcbf10ed5888382a9c3f0248eeb616ae588ad8fab,A,-1.0,19.999998,0.0,0.0,2,0.0,0.0,0.0,0.0,0.0,1439.429189,0.0,19.999998,0.0,0.0
0xcc5c4247b2af04e522047f3b045037dc8a4bb96f,B,-1.0,0.1,0.0,0.0,1,0.0,0.0,0.0,0.0,0.0,5.0,0.0,0.1,0.0,0.0
0xcc792a28d90f3c5d8fe91e48a184913a65031c2a,A,-0.46786683019648256,3914.429895,2082.997988,0.0,19,0.0,0.0,0.0,0.0,0.0,4925.261264,2999.993656,3914.429895,2082.997988,0.0
0xcdbf4e39ac36181ae88bb2f6042ee8c178fd556f,A,-0.01176083043462909,0.509998,0.504,0.0,2,0.0,0.0,0.0,0.0,0.0,0.566665,0.56,0.509998,0.504,0.0
0xcdbfdac42aeac5837d105e255c1131e7bf751926,B,0.6683667470092349,258.499744,431.272377,0.0,37,0.0,0.0,0.0,0.0,0.0,44699.253428,44699.247776,258.499744,431.272377,0.0
0xcdd604f3c0ee2efcc78f2d26b352f0b3fa6b39b0,B,-0.056405238222945436,237.909996,224.48498,0.005646,9,217.875646,217.87,100.009999,105.68278,0.005646,224.767459,224.76,137.89999699999998,118.8022,0.0
0xce2689709ff8d1150255e2c4e78046a74144a3ee,B,-1.0,56.889998,0.0,0.0,5,0.0,0.0,0.0,0.0,0.0,6097.070472,0.0,56.889998,0.0,0.0
0xce39324ff8ce565f58bb523f7700a3828c3e9136,A,-0.0010351966873706005,10.626,10.615,0.0,4,0.0,0.0,0.0,0.0,0.0,11.0,11.0,10.626,10.615,0.0
0xcee1c5b45f926ccbcf12ce95a89109709051820c,A,6.692523084102803,0.029998999999999998,0.0,0.230768,1,0.230768,0.0,0.029998999999999998,0.0,0.230768,0.0,0.0,0.0,0.0,0.0
0xcf015afd93d661fdde782d59e1bf8c87e80173e8,A,14.585445558544556,9.999998999999999,155.847299,0.007141,7,142.857141,142.85,4.999998999999999,141.9929,0.007141,833.333332,833.326469,5.0,13.854399,0.0
0xcf7c3d0c796b2aaaccfd613236431a0ec7cdf2cb,A,10.448626512841063,1426.638711,16333.045728000001,0.008043,69,31476.364936,31476.356893,1426.638711,16333.045728000001,0.008043,0.0,0.0,0.0,0.0,0.0
0xd01e28d22138ad10a2f3d714997943abac1f7a32,A,6.692523084102803,0.029998999999999998,0.0,0.230768,1,0.230768,0.0,0.029998999999999998,0.0,0.230768,0.0,0.0,0.0,0.0,0.0
0xd106dcc00ac7428e83801c20b4583f2a545727b7,B,-0.9772209567198178,10.097,0.23,0.0,2,0.0,0.0,0.0,0.0,0.0,23.0,23.0,10.097,0.23,0.0
0xd2d3d179e865fa25a5b4e95a1ba25415a112074d,B,0.036269457842677974,21.999998,0.0,22.797926,1,22.797926,0.0,21.999998,0.0,22.797926,0.0,0.0,0.0,0.0,0.0
0xd2ee0fe57b47a4cc97113444a3fc004eec81f4a2,B,0.0010070493454179255,19.88979,19.90982,0.0,2,20.03,20.03,19.88979,19.90982,0.0,0.0,0.0,0.0,0.0,0.0
0xd335c535edf3227cb87e8eededc5d05f065ef0de,B,-0.5234657039711191,110.8,52.8,0.0,3,300.0,300.0,110.8,52.8,0.0,0.0,0.0,0.0,0.0,0.0
0xd33a70c3320c602e153713a0be741c97f0963172,A,-0.04704761232485081,0.16999799999999998,0.162,0.0,2,0.0,0.0,0.0,0.0,0.0,0.188887,0.18,0.16999799999999998,0.162,0.0
0xd33d51927e8deae60d2a50b7766c269e45a83ab6,B,-0.001006036217303823,1024.8637,1023.83265,0.0,2,1031.05,1031.05,1024.8637,1023.83265,0.0,0.0,0.0,0.0,0.0,0.0
0xd36999d7a5f26dab13b74d27217ad55c9ab326dd,B,-0.001001001001001001,66.18375,66.1175,0.0,2,66.25,66.25,66.18375,66.1175,0.0,0.0,0.0,0.0,0.0,0.0
0xd383022f8c343f439364388e560175dc53717776,B,-0.19343336674151415,5.789999,4.67002,0.0,2,0.0,0.0,0.0,0.0,0.0,22.672217,22.67,5.789999,4.67002,0.0
0xd399a10051798db01bbfb205c82b0abdbca8730b,A,-0.0003123736119925162,1216.492,1216.112,0.0,30,0.0,0.0,0.0,0.0,0.0,1260.0,1260.0,1216.492,1216.112,0.0
0xd3c4938b7cd8ce0fac6e7e7f479dc146cea39298,B,-0.6738765491911493,145.573708,47.475,0.0,18,0.0,0.0,0.0,0.0,0.0,342.958974,125.0,145.573708,47.475,0.0
0xd3ecedcfea21a4dec1e89537d649956e302f7631,B,-1.0,1.785,0.0,0.0,1,0.0,0.0,0.0,0.0,0.0,5.0,0.0,1.785,0.0,0.0
0xd4ad23e23c900291403e2c7e97e085f8c3468ac8,A,0.006514107883817427,4.82,4.851398,0.0,3,0.0,0.0,0.0,0.0,0.0,5.0,4.991151,4.82,4.851398,0.0
0xd4be9d4daa8296fc89782d2a4e951e569b706a03,B,-1.0,5.0,0.0,0.0,1,0.0,0.0,0.0,0.0,0.0,625.0,0.0,5.0,0.0,0.0
0xd4efa60019d1939710853b833111ea628c3aaf79,A,-0.014279145512022225,83.512,82.31952,0.0,4,0.0,0.0,0.0,0.0,0.0,88.0,88.0,83.512,82.31952,0.0
0xd5a2bc1b3d88d70b240383aa4ae640bac40fac70,A,0.0,556.32,556.32,0.0,12,0.0,0.0,0.0,0.0,0.0,576.0,576.0,556.32,556.32,0.0
0xd5bee975ccf1b69f22ca4af76de77215dcfa4cf5,A,0.0,92.736,92.736,0.0,2,0.0,0.0,0.0,0.0,0.0,96.0,96.0,92.736,92.736,0.0
0xd5f6127dbc909cb3554862fc67342a2ed4c8b4aa,B,-0.0016168312783296417,228.6695,228.29978,0.0,10,229.46,229.46,228.6695,228.29978,0.0,0.0,0.0,0.0,0.0,0.0
0xd7087132383e331fcee646ebc9637885281080fe,B,-1.0,2.4,0.0,0.0,2,0.0,0.0,0.0,0.0,0.0,825.0,0.0,2.4,0.0,0.0
0xd70aaecc60cba68cc5d317ec1ce03030c36b050d,B,-1.0,20.200214,0.0,0.0,8,0.0,0.0,0.0,0.0,0.0,2700.578793,0.0,20.200214,0.0,0.0
0xd82863923b926b3fa2270a8045d0760900534edb,A,0.0,6.762,6.762,0.0,3,0.0,0.0,0.0,0.0,0.0,7.0,7.0,6.762,6.762,0.0
0xd8461e330294a06581cdb6ac8bc3ab35a2ed3c12,B,0.08530412434462081,149.77645099999998,162.553,0.0,12,0.0,0.0,0.0,0.0,0.0,16255.306375,16255.3,149.77645099999998,162.553,0.0
0xd8535163c007a83045d7554c8c560f746c3afb3a,B,-1.0,516.454119,0.0,0.0,3,0.0,0.0,0.0,0.0,0.0,17064.874284,0.0,516.454119,0.0,0.0
0xd9327f2bcc9ef68714538e5922404263e9f80e47,B,-1.0,0.01,0.0,0.0,1,0.0,0.0,0.0,0.0,0.0,5.0,0.0,0.01,0.0,0.0
0xda40b796ec4753250d103d0b505dd2f1c36df5ac,B,0.008064516129032258,2.999932,0.0,3.024125,1,3.024125,0.0,2.999932,0.0,3.024125,0.0,0.0,0.0,0.0,0.0
0xda452728d8e00cce23debd1bdae846c5fede1a30,A,0.0,1239.904,1239.904,0.0,28,0.0,0.0,0.0,0.0,0.0,1284.0,1284.0,1239.904,1239.904,0.0
0xdad622faa505cc4f692e5440fc0993ceec6e2010,A,-1.0,1.399998,0.0,0.0,1,0.0,0.0,0.0,0.0,0.0,1.5384600000000002,0.0,1.399998,0.0,0.0
0xdafdc81949d54ddf847e43fbd49261bbb162e5d3,B,-1.0,54.679999,0.0,0.0,4,0.0,0.0,0.0,0.0,0.0,3113.333329,0.0,54.679999,0.0,0.0
0xdb49f9a80ada356d2779f15548a2a3aa2a0e995d,B,0.010101102020220383,9.999998,0.0,10.101009,1,10.101009,0.0,9.999998,0.0,10.101009,0.0,0.0,0.0,0.0,0.0
0xdbb8c952f2cae82329752943c523bceba3f3e7c2,A,-0.9978230495874925,112.799997,0.24556,0.0,4,0.0,0.0,0.0,0.0,0.0,122.787346,122.78,112.799997,0.24556,0.0
0xdbbcefe5ee079591c478ceb87cd6933d5174892b,A,-0.28810411216440246,437.4436,311.4143,0.0,15,2374.19,2374.19,437.4436,311.4143,0.0,0.0,0.0,0.0,0.0,0.0
0xdc2acb4d146ebc53135276fecbb3ba31bdef6a25,A,2.534068133517033,3.9999990000000003,14.12704,0.009229,4,30.769229,30.76,3.9999990000000003,14.12704,0.009229,0.0,0.0,0.0,0.0,0.0
0xdc722ff91de47bcfc592aaeeaf416084c72392f5,A,-0.017397816439592113,0.8999980000000001,0.88434,0.0,2,0.0,0.0,0.0,0.0,0.0,1.026224,1.02,0.8999980000000001,0.88434,0.0
0xdcb20a5c24aa616747f19beabff6152c69863e05,A,-1.0,4.5,0.0,0.0,1,0.0,0.0,0.0,0.0,0.0,5.0,0.0,4.5,0.0,0.0
0xdd0e4d1e719e1884c949fc05af340c932799fbe6,B,-1.0,1.04,0.0,0.0,1,0.0,0.0,0.0,0.0,0.0,520.0,0.0,1.04,0.0,0.0
0xddcc33876ca10bd15380a83ae1d2c003e86d747a,B,-1.0,10.0,0.0,0.0,1,0.0,0.0,0.0,0.0,0.0,1000.0,0.0,10.0,0.0,0.0
0xdde52b572b57c046cc8870a6cf2c16b55853fd02,B,-0.004760960126958937,100.82,100.34,0.0,9,100.0,100.0,97.0,99.8,0.0,320.0,320.0,3.82,0.54,0.0
0xde50bc63379fd5686115d49bc7d5b336c734f5a3,B,-0.9428536185929518,50.279999,2.87332,0.0,3,0.0,0.0,0.0,0.0,0.0,1848.095235,1436.66,50.279999,2.87332,0.0
0xdf4c495c1b7aae8a40b8ed00560d5421356519dc,A,-0.0854052076648684,81.09999599999999,74.16485,0.008784,5,48.918784,48.91,26.109999000000002,47.9318,0.008784,510.090184,55.54,54.989996999999995,26.233050000000002,0.0
0xe01ae58b07e1dcdbde8e10afc8119132fb6dbd8a,B,0.6430923643092364,19.999998,32.85711,0.004734,2,32.894734,32.89,19.999998,32.85711,0.004734,0.0,0.0,0.0,0.0,0.0
0xe0368af7f5777989b927b7ad0d420562fee8616c,A,1.137032504171653,1389.090283,144.679728,2823.851358,11,2823.851358,0.0,366.660563,0.0,2823.851358,4920.68,2096.807678,1022.42972,144.679728,0.0
0xe07752b92b61ef1d3cc936128b2d4482e7ab8ee3,A,0.34377783249528254,26.231703,35.2479,0.001681,10,145.731681,145.73,26.231703,35.2479,0.001681,0.0,0.0,0.0,0.0,0.0
0xe0a2f29b1fadb2259111bbeca392d3805ec4a349,A,1.8214285714285714,12.32,34.76,0.0,2,220.0,220.0,12.32,34.76,0.0,0.0,0.0,0.0,0.0,0.0
0xe0c63ca599a83817acc8b255bc1c530a8f736003,A,-0.025642473611640525,0.849996,0.8282,0.0,2,0.0,0.0,0.0,0.0,0.0,1.0119,1.01,0.849996,0.8282,0.0
0xe10930102344ef63867c6a294881c3f0540ea3b8,B,-1.0,1.499999,0.0,0.0,1,0.0,0.0,0.0,0.0,0.0,3.537734,0.0,1.499999,0.0,0.0
0xe1113ec3e77f15d4b3aa2ab3776580f818d034b5,B,0.027836590296599996,971.5543,998.599059,0.0,11,985.63,985.63,854.77555,968.87429,0.0,141.55,141.546522,116.77875,29.724769000000002,0.0
0xe13ced210b84df9c67f5c5d0dcbfe1da4198bf9b,B,-1.0,0.98,0.0,0.0,1,0.0,0.0,0.0,0.0,0.0,122.5,0.0,0.98,0.0,0.0
0xe39d9cffb603f943357adbe3c638bdda4667d897,A,0.1197201119720112,9.999999,11.1972,0.0,2,0.0,0.0,0.0,0.0,0.0,13.333332,13.33,9.999999,11.1972,0.0
0xe3a222dbdd0d3d4dce3d1bb867c087091a2894a7,B,-1.0,29.999997,0.0,0.0,1,0.0,0.0,0.0,0.0,0.0,35.75685,0.0,29.999997,0.0,0.0
0xe3cddbb5483ada61007bc2bcaa89404f4ec7051e,A,0.0,1139.252,1139.252,0.0,30,0.0,0.0,0.0,0.0,0.0,1180.0,1180.0,1139.252,1139.252,0.0
0xe3ce247b38a22cb6c19e5802cc2d5c9dc6838d26,B,-0.04044888216901563,11.109998,10.6571,0.003511,2,15.013511,15.01,11.109998,10.6571,0.003511,0.0,0.0,0.0,0.0,0.0
0xe40362b6d2c1eb1134da886f4c64f02f08f6e5a4,A,-1.0,1256.78653,0.0,0.0,2,0.0,0.0,0.0,0.0,0.0,1431.53,0.0,1256.78653,0.0,0.0
0xe5b9f0c66c0740a543758ed694fad6f662ab3bf1,A,-0.6294463314723165,19.999999,7.407,0.004073,2,74.074073,74.07,19.999999,7.407,0.004073,0.0,0.0,0.0,0.0,0.0
0xe5bd2de0560d88e67bb2fb36033b58bc58ab0ce4,B,0.6227213505843783,2.089999,3.38352,0.007966,2,4.247966,4.24,2.089999,3.38352,0.007966,0.0,0.0,0.0,0.0,0.0
0xe5d875e48462fc3fb8b8e91eb9b99af7b555fc0e,A,-0.487787413244035,1871.7699989999999,958.73505,0.009103,4,693.539103,693.53,77.769999,38.14415,0.009103,183716.654545,183716.65,1793.9999999999998,920.5908999999999,0.0
0xe653b38eda194edfd82498c6c02a6154a148da45,B,-1.0,4.0,0.0,0.0,1,0.0,0.0,0.0,0.0,0.0,333.333333,0.0,4.0,0.0,0.0
0xe6a02b4fab3064db33c61736fc87cc938f7b73f3,A,-0.14285714285714285,3.5,3.0,0.0,2,12.5,12.5,3.5,3.0,0.0,0.0,0.0,0.0,0.0,0.0
0xe6e20fe3adf7ab3f37b018da1b5105d9003f77cf,B,-0.0010105837288465686,291.23762,290.9433,0.0,14,294.32,294.32,291.23762,290.9433,0.0,0.0,0.0,0.0,0.0,0.0
0xe7d38a9cfc2354d9c2c5e09d3866f634903aad8d,B,0.020086263017074796,25.549999000000003,26.0608,0.002403,2,51.202403,51.2,25.549999000000003,26.0608,0.002403,0.0,0.0,0.0,0.0,0.0
0xe7f6d9c3eb25dd4a282715c6ff5db5d98b7cf2bb,A,-0.009925225361973966,26.799996,26.534,0.0,3,0.0,0.0,0.0,0.0,0.0,27.757325,27.75,26.799996,26.534,0.0
0xe82e1ea1f33cb045511fd899118b1b34d2afe7a4,A,3.0019532321072004,0.6199979999999999,0.0,2.481203,2,2.481203,0.0,0.33,0.0,2.481203,0.330671,0.0,0.289998,0.0,0.0
0xe872aaad5264a2fe6d61e65f46da2c6f6905e804,B,0.0,7.0,7.0,0.0,2,0.0,0.0,0.0,0.0,0.0,1000.0,1000.0,7.0,7.0,0.0
0xebe0b0f275dbc6202659e8735761a6fdada69946,B,-0.001001001001001001,46.41354,46.36708,0.0,2,46.46,46.46,46.41354,46.36708,0.0,0.0,0.0,0.0,0.0,0.0
0xec787d9fd73970902aed9db930b20db4ca8b1f98,B,0.4206008583690987,7.689,10.923,0.0,2,11.0,11.0,7.689,10.923,0.0,0.0,0.0,0.0,0.0,0.0
0xec7c7cbf7b3b3011d44a75726ef484ddc9035bc3,A,-0.0003812743459556324,1258.936,1258.456,0.0,28,0.0,0.0,0.0,0.0,0.0,1304.0,1304.0,1258.936,1258.456,0.0
0xee2d0af021acd033e7e1bca525b64e8877590d8a,B,1.1017212835741283e-08,3086.0799979999997,3086.07519,0.004842,2,3107.834842,3107.83,3086.0799979999997,3086.07519,0.004842,0.0,0.0,0.0,0.0,0.0
0xee4a2fae0806b493ed5cdd283a8d412785990c83,A,0.0,1741.82,1741.82,0.0,38,0.0,0.0,0.0,0.0,0.0,1804.0,1804.0,1741.82,1741.82,0.0
0xeebfeb8ffa66268b976a3e8f83b27638dc326fbd,B,0.09071223628489453,4.999998,5.44908,0.004479,2,5.464479,5.46,4.999998,5.44908,0.004479,0.0,0.0,0.0,0.0,0.0
0xeef49fbed90e4412442ea99bdfcd59703c3a5745,B,-1.0,1014.1899930000001,0.0,0.0,8,0.0,0.0,0.0,0.0,0.0,7533.839609,0.0,1014.1899930000001,0.0,0.0
0xef8638d99d8087edf7a88812ace344351aea25d0,B,-1.0,490.993197,0.0,0.0,5,0.0,0.0,0.0,0.0,0.0,999.986144,0.0,490.993197,0.0,0.0
0xefe0a8c0fcac490c66e921fe51ff6f2c4392e195,B,-0.001554400114578095,87.41636,87.28048,0.0,4,88.0,88.0,87.41636,87.28048,0.0,0.0,0.0,0.0,0.0,0.0
0xf13108ace912b8a4822fdc6df220a08a55d09c48,B,-0.0020161290322580645,42.76512,42.6789,0.0,2,43.11,43.11,42.76512,42.6789,0.0,0.0,0.0,0.0,0.0,0.0
0xf13b6479be52059faf1378bc7067617cb8814ad9,B,0.45425835508762147,13.219999000000001,19.222800000000003,0.002494,2,25.972494,25.97,13.219999000000001,19.222800000000003,0.002494,0.0,0.0,0.0,0.0,0.0
0xf169ef9b546d7337dea867bd9d7d2b357982dab1,A,-0.002068252326783868,8.703,8.685,0.0,2,0.0,0.0,0.0,0.0,0.0,9.0,9.0,8.703,8.685,0.0
0xf1856d92f880eb732ae2846c7194a55d4b0d1bd1,B,-1.0,10.999998999999999,0.0,0.0,1,0.0,0.0,0.0,0.0,0.0,59.139783,0.0,10.999998999999999,0.0,0.0
0xf226a53dcca7c5019830f4b1acbe1c14ac736308,B,0.008064533691757041,44.999998,0.0,45.362902,1,45.362902,0.0,44.999998,0.0,45.362902,0.0,0.0,0.0,0.0,0.0
0xf42270925c337b78dee94affacd63f59e399d852,A,2.5714557145571453,0.199998,0.0,0.714284,2,0.714284,0.0,0.099999,0.0,0.714284,0.11111,0.0,0.099999,0.0,0.0
0xf422df97644ff52ac3c96143c746072c07396743,A,3.1666668083333405,19.999999,0.0,83.333332,1,83.333332,0.0,19.999999,0.0,83.333332,0.0,0.0,0.0,0.0,0.0
0xf45bc366132d84ab8d69ea11e3f414e2fd1856ec,B,0.7120689655172414,13.92,23.832,0.0,2,24.0,24.0,13.92,23.832,0.0,0.0,0.0,0.0,0.0,0.0
0xf535295c3033f87c8962534c8c8c58cf718c969c,B,-1.0,0.9999990000000001,0.0,0.0,1,0.0,0.0,0.0,0.0,0.0,3.012047,0.0,0.9999990000000001,0.0,0.0
0xf59a4443beb9dfdde96c9a98606bd8188e987510,B,-1.0,1.0,0.0,0.0,1,0.0,0.0,0.0,0.0,0.0,100.0,0.0,1.0,0.0,0.0
0xf5a451ca9a4532332fbe12e160441815d4dc0f1e,A,0.06800042720017085,9.999996,10.68,0.0,2,0.0,0.0,0.0,0.0,0.0,12.048188,12.0,9.999996,10.68,0.0
0xf5db8ba1cd6336f614b058754707f918c3e93156,A,-0.7431547333815388,367.70372,94.44296,0.0,5,0.0,0.0,0.0,0.0,0.0,4221.87,4221.87,367.70372,94.44296,0.0
0xf67502d2be895d3f879bf48ce97bcf6694a1e66e,B,0.020408208163283318,4.999998,0.0,5.102039,1,5.102039,0.0,4.999998,0.0,5.102039,0.0,0.0,0.0,0.0,0.0
0xf67a30f869140a26b4d80c35c18a986cd285893c,B,-0.011078204431281788,4.999998,4.9392,0.005407,2,5.045407,5.04,4.999998,4.9392,0.005407,0.0,0.0,0.0,0.0,0.0
0xf68aa066c657b1ffc4da0525169084bb303763a3,B,0.2813722617778795,222.999988,285.73657,0.009429,18,508.879429,508.87,154.999996,231.87726999999998,0.009429,519.295384,257.7,67.999992,53.8593,0.0
0xf6ba28637251c0f8f799eee777659df2d0f3ae5e,A,-0.002068252326783868,8.703,8.685,0.0,2,0.0,0.0,0.0,0.0,0.0,9.0,9.0,8.703,8.685,0.0
0xf7140d9d29d687ae51f533c09835189b26610d3c,B,-0.5143015903493312,3212.946489,1560.523,0.0,21,1392.38,1392.38,249.6665,227.441,0.0,11289.487623,2538.57,2963.279989,1333.0819999999999,0.0
0xf732490227953119ee48448aa18c0a4b7f8c8ea1,B,-0.0010008224859202367,89.628282,89.53058,0.008,4,89.718,89.71,89.628282,89.53058,0.008,0.0,0.0,0.0,0.0,0.0
0xf779b1283adecd2dc4e8ea29a2823decf097d440,B,-0.0010060397237560807,80.3348,80.25398,0.0,4,80.82,80.82,80.3348,80.25398,0.0,0.0,0.0,0.0,0.0,0.0
0xf7868a9111a557daaf73386927b139265c7173cc,A,0.013733253174277621,2177.65373,229.4,1978.16,8,1978.16,0.0,1933.90373,0.0,1978.16,250.0,250.0,243.75,229.4,0.0
0xf7fb3563c9597af54d06fe22f9c3553cfff1f58b,A,6.936510968255485,1.9999989999999999,0.0,15.873014,1,15.873014,0.0,1.9999989999999999,0.0,15.873014,0.0,0.0,0.0,0.0,0.0
0xf806ca7e1b9f2a52e7ac8127fd142abc67e015b3,A,-0.002068252326783868,5.802,5.79,0.0,2,0.0,0.0,0.0,0.0,0.0,6.0,6.0,5.802,5.79,0.0
0xf86c606c8a360c38037cdab2f81fb5ed2e94ba99,A,0.03919706290354896,139.643218,145.115529,0.001293,13,99.988326,99.987033,57.643218,62.115529,0.001293,100.0,100.0,82.0,83.0,0.0
0xf8cd3fef0869bb6931d74ee11a4d2ffb2de8238d,A,-0.2,100.0,80.0,0.0,2,400.0,400.0,100.0,80.0,0.0,0.0,0.0,0.0,0.0,0.0
0xf8f7938670e2677eaaf4ce3726dc1c66558b93a4,A,-1.0,7.8854,0.0,0.0,1,0.0,0.0,0.0,0.0,0.0,8.86,0.0,7.8854,0.0,0.0
0xf95dea4cfd2a77d616c9c33dd9b3b217fcba3b7f,B,-1.0,9.999998999999999,0.0,0.0,1,0.0,0.0,0.0,0.0,0.0,16.501649,0.0,9.999998999999999,0.0,0.0
0xf9a0d8c836be9723e8b758927b22b909cb45fa1c,A,0.0,1166.488,1166.488,0.0,26,0.0,0.0,0.0,0.0,0.0,1208.0,1208.0,1166.488,1166.488,0.0
0xf9adad27ead08cbd86be8765016f49c856a6ce31,B,-1.0,76.96,0.0,0.0,3,0.0,0.0,0.0,0.0,0.0,11563.666665,0.0,76.96,0.0,0.0
0xfa1c66c8d0ec9115a5bfda4a9af57c44d3ba33c1,A,-0.01955439138733494,420.0233,19.64,392.17,9,493.17,101.0,104.2673,19.64,392.17,392.17,0.0,315.756,0.0,0.0
0xfa7ccf14085c3c547b39d7dabad8e6e1ea699de1,A,0.0,0.9,0.9,0.0,2,0.0,0.0,0.0,0.0,0.0,1.0,1.0,0.9,0.9,0.0
0xfb2a3c9c7992fbc07bcdbee07aa0c491acd6edcc,B,-0.3258844996126279,106.29315,71.65386,0.0,5,36.3,36.3,34.6302,34.6665,0.0,1592.51,770.57,71.66295,36.98736,0.0
0xfb713008216fb3661f919d7107b66071e43cfa9d,A,-0.002068252326783868,11.604,11.58,0.0,2,0.0,0.0,0.0,0.0,0.0,12.0,12.0,11.604,11.58,0.0
0xfcece4ec20afb0582ebf43759ac1f134e9d74ea6,A,4.864645345039122,20.329998999999997,0.04,119.188234,2,119.588234,0.4,20.329998999999997,0.04,119.188234,0.0,0.0,0.0,0.0,0.0
0xfd13172de98a7dff6fb054107765470c30e1e6f1,A,25.503060239552497,2.099999,55.656400000000005,0.0,3,0.0,0.0,0.0,0.0,0.0,69.999966,69.99,2.099999,55.656400000000005,0.0
0xfd3c841176046ac150fde3dfd2e1db026cb4c8fe,A,-0.0035690561168002055,0.8399979999999999,0.837,0.0,2,0.0,0.0,0.0,0.0,0.0,0.933332,0.93,0.8399979999999999,0.837,0.0
0xff64fcb57f7d2812399b4fabcc13794735923096,A,-0.024987812347654317,0.239997,0.234,0.0,2,0.0,0.0,0.0,0.0,0.0,0.263733,0.26,0.239997,0.234,0.0
0xffdeb05224b0bafc64d264a6f95028cc402db455,A,-0.2726281012726282,999.9999990000001,727.371898,0.0,3,0.0,0.0,0.0,0.0,0.0,1064.851379,1064.841788,999.9999990000001,727.371898,0.0
