result_type,identifier,value,group_label,pre_sample_group_size
sampled_wallet,0x000b69e1996431281998871b9d5db88bd8f033ae,2024-10-05 19:42:38.000 UTC,A,502
sampled_wallet,0x0021fe9b777545f63dc28b610c9173b8f8b78658,2024-12-24 01:53:52.000 UTC,B,4578
sampled_wallet,0x00fa1da7d2b8baa703a1d3554b5d1338be9030be,2024-09-23 07:57:21.000 UTC,A,502
sampled_wallet,0x0220f0954ba0029ed0f7a5db16d7dac7c3cc20b5,2024-12-21 23:12:24.000 UTC,B,4578
sampled_wallet,0x02584443ceee8c2a77a1bf54572d8376d2065479,2024-11-20 18:27:51.000 UTC,A,502
sampled_wallet,0x026fe7c4748f6c71ae4378d21818cacbb71963b6,2024-12-23 11:22:37.000 UTC,B,4578
sampled_wallet,0x03638460bcf5a59912fc27d786f5008c4973d77f,2024-10-06 05:16:25.000 UTC,A,502
sampled_wallet,0x040ec398e277f9d7f366621dfa7ea5ddae088edf,2024-12-12 07:06:39.000 UTC,A,502
sampled_wallet,0x04dcbd9b805b220a9b2d27e4d9e649ed07902387,2024-12-19 23:54:25.000 UTC,B,4578
sampled_wallet,0x065eedbf3509a041f104aeced3966da1b85dcf28,2024-12-17 13:35:46.000 UTC,A,502
sampled_wallet,0x07211f011080a4bf3f5282cd64a71afc87e54a8f,2024-09-19 00:49:24.000 UTC,A,502
sampled_wallet,0x07b34a692c3689b0f7e9265eb6658b3cad053420,2024-09-20 08:16:43.000 UTC,A,502
sampled_wallet,0x08c897e4780c299061fe683120e5bb18cf931da2,2024-09-20 08:28:41.000 UTC,A,502
sampled_wallet,0x08d0549daa9932863a397f52670695dd01414cbd,2024-12-10 08:46:02.000 UTC,A,502
sampled_wallet,0x09e6d660304b9590acd4910f17af31f5ed8a240c,2024-12-22 22:23:22.000 UTC,B,4578
sampled_wallet,0x0a01d50cab8390692f72de7acfb17c70565c7d63,2024-09-19 12:18:03.000 UTC,A,502
sampled_wallet,0x0a1d333c9709571a52562ebbeb0afa84cd409b12,2024-12-24 05:48:03.000 UTC,B,4578
sampled_wallet,0x0a4cd3ea6d29716fb9dafe9138440421c851c4ee,2024-12-12 04:53:20.000 UTC,A,502
sampled_wallet,0x0aea2211679de6752f59c668f471db03fc800182,2024-12-23 15:03:47.000 UTC,B,4578
sampled_wallet,0x0b93666ecce289f79fa4c03368a5a84c61342eda,2024-12-10 08:53:48.000 UTC,A,502
sampled_wallet,0x0ca0b337ba3ace067bd329681085443c40935737,2024-12-23 16:19:39.000 UTC,B,4578
sampled_wallet,0x0cd5c791e196d684463f9e26f10ef2239726ccac,2024-12-20 07:59:32.000 UTC,B,4578
sampled_wallet,0x0cd933a83f08bd95ba01e34f6040bceb4b7e8ee7,2024-09-03 18:17:18.000 UTC,A,502
sampled_wallet,0x0d4735278f52acbff7221515569589282baacf08,2024-12-24 22:42:13.000 UTC,B,4578
sampled_wallet,0x0d473e885aa57fd5f17b6b732f258db3e166352b,2024-09-07 05:11:05.000 UTC,A,502
sampled_wallet,0x0dd0cbd33343f5f84bd9ddbb929888eb974ebc3d,2024-12-12 07:06:39.000 UTC,A,502
sampled_wallet,0x0dd53a06fefc5ecc5d605b8c2da5424f29fa13a0,2024-12-20 12:51:15.000 UTC,B,4578
sampled_wallet,0x0df50663623fb9d9c312482c75a68955231949f8,2024-12-24 10:44:59.000 UTC,B,4578
sampled_wallet,0x0e32fbdd221f025ded36c2f84902cf9170f84105,2024-12-10 08:56:38.000 UTC,A,502
sampled_wallet,0x0e5df518d36db694283cbfe02eeb3840dda8ac84,2024-12-20 16:07:43.000 UTC,B,4578
sampled_wallet,0x0e6247d6b89d347b5a85876a7493f5d52db8927a,2024-12-15 07:00:39.000 UTC,A,502
sampled_wallet,0x0f779044b20ce15133bbde2777ab4fe56003a9a9,2024-11-08 17:34:23.000 UTC,A,502
sampled_wallet,0x0f9c7c2aea4849b8ce0d8b3d476b8604f84378ff,2024-12-13 16:06:53.000 UTC,A,502
sampled_wallet,0x101f4a6685af466b880333af08f865f3a285507c,2024-12-23 10:30:27.000 UTC,B,4578
sampled_wallet,0x1081b7b9506449b24e0d1b66f2f90cfb8dd9abdc,2024-09-19 18:19:34.000 UTC,A,502
sampled_wallet,0x10b005a3f8b8fa1983b9040f426a625650eb35ea,2024-10-21 10:39:11.000 UTC,A,502
sampled_wallet,0x113e974768d5731468dc7b1c62e58dd854b720f0,2024-12-21 05:44:58.000 UTC,B,4578
sampled_wallet,0x11e829d2a19e7ade935861fb043715766a015b74,2024-12-03 23:13:02.000 UTC,A,502
sampled_wallet,0x11fd4574de5259f9a125ab22a1755b4e84b1790b,2024-12-20 23:56:03.000 UTC,B,4578
sampled_wallet,0x12acdd2a2be42b9410211132d45ac3ba91158669,2024-12-20 01:06:32.000 UTC,B,4578
sampled_wallet,0x1347d5a2a619363efda8ff766e6297fbe8099f2d,2024-10-05 00:27:53.000 UTC,A,502
sampled_wallet,0x1446fddafd68b9b83717e91d5ab35da6db247f6e,2024-12-24 00:41:22.000 UTC,B,4578
sampled_wallet,0x148f2fe7eb0afd4ad1f8b5ebb6b16e24743e60f9,2024-12-23 07:02:09.000 UTC,B,4578
sampled_wallet,0x150fc2760a58387348fb158cbe2bc55614a34789,2024-09-14 05:45:20.000 UTC,A,502
sampled_wallet,0x158befc767ea88efa7cb30329d9068b35547a2db,2024-12-22 01:06:21.000 UTC,B,4578
sampled_wallet,0x15d5ceea7ee11ebf36abc6dac972e38e8964ef7b,2024-12-19 19:27:49.000 UTC,B,4578
sampled_wallet,0x164229b9d0587e50b94098f5840164282b565988,2024-09-03 20:03:56.000 UTC,A,502
sampled_wallet,0x16d0a63103f0dbc1eac6acfa9a29d2519da5eb57,2024-12-21 06:01:45.000 UTC,B,4578
sampled_wallet,0x1796aadd8444197ff8fbfbd9a30cd6f0164e62e8,2024-12-10 22:22:36.000 UTC,A,502
sampled_wallet,0x182b2bd1f035abe76eeb2244b32d9ebac27ef022,2024-09-03 22:19:02.000 UTC,A,502
sampled_wallet,0x18a7cd9f73c2e2f8aa069cb2486ae7c213bbd21a,2024-12-06 04:53:52.000 UTC,A,502
sampled_wallet,0x1936c8da86c4cd3591e0243dcce94240c7c2e89c,2024-09-05 07:11:33.000 UTC,A,502
sampled_wallet,0x19461667e5418c5117d930df8fad0cbd068473c0,2024-12-22 12:53:19.000 UTC,B,4578
sampled_wallet,0x19580c442085fb520ac9c56edc1a7a97fdf4310b,2024-12-20 18:29:25.000 UTC,B,4578
sampled_wallet,0x1992478c8fc915a6c67236523c4cdc1ae6ae56e9,2024-12-10 08:52:20.000 UTC,A,502
sampled_wallet,0x19c181e8de5457b04eae2d3fd62c3effa68f41c5,2024-12-12 04:53:16.000 UTC,A,502
sampled_wallet,0x19c67b56105d8b43e1f778e187c25bbe0cb774b6,2024-12-21 21:22:00.000 UTC,B,4578
sampled_wallet,0x1a3c30ea8d46f69a386aae613b74edda38fb9088,2024-12-22 00:05:49.000 UTC,B,4578
sampled_wallet,0x1ab3c988fa265fbd5a294504d750210e55389f4d,2024-12-21 04:19:39.000 UTC,B,4578
sampled_wallet,0x1be8d430ff58de57fbc99989e70908168d8d0d11,2024-11-20 17:11:18.000 UTC,A,502
sampled_wallet,0x1becabf2cb256d7b95f2b27f0614de0395e8dd5f,2024-12-10 22:16:06.000 UTC,A,502
sampled_wallet,0x1c72797cd4b9b83f42e287144e334c4de347dfb6,2024-12-20 21:13:02.000 UTC,B,4578
sampled_wallet,0x1cfc260bfa2b5ae89377863180ca3b4f5c862111,2024-09-22 05:27:36.000 UTC,A,502
sampled_wallet,0x1db28169df530b6c10ba4cc3871cb45432ac2c69,2024-12-24 01:55:18.000 UTC,B,4578
sampled_wallet,0x1de95aaad238de161ec3a6d6b76b9db8e3543f7b,2024-12-22 13:42:23.000 UTC,B,4578
sampled_wallet,0x1e0f00d559b4a2ba4e6b7aec06e7dcbe5dd336f6,2024-12-13 16:06:51.000 UTC,A,502
sampled_wallet,0x1e1f17412069c0736adfaadf8ee7f46e5612c855,2024-12-23 00:14:25.000 UTC,B,4578
sampled_wallet,0x1eed220e9de831dec6251f5eeb5c06e56e330c9a,2024-12-20 18:24:41.000 UTC,B,4578
sampled_wallet,0x1fd626214b4f0115d4c449630e277e03e5fe98fe,2024-12-17 08:41:04.000 UTC,A,502
sampled_wallet,0x20ea961ab8bf772c1192aec340e31dcf15d44b13,2024-11-22 00:34:56.000 UTC,A,502
sampled_wallet,0x2125fe1a7e9b37d13f197678661f9b94f017fd1a,2024-12-24 02:59:50.000 UTC,B,4578
sampled_wallet,0x222ef3b90b77863f2ac33e5ad14cde6f41ab63e2,2024-11-14 19:47:53.000 UTC,A,502
sampled_wallet,0x231b27505cedcd0fc5ef055048b39df0bce40246,2024-09-05 10:21:20.000 UTC,A,502
sampled_wallet,0x23f5d0149c49bad1a3b6f09919204cd46c5f5ba9,2024-12-19 04:10:32.000 UTC,B,4578
sampled_wallet,0x2460ff1ab8717cb10d48930e94ebd2c8cbd4468f,2024-09-07 10:44:33.000 UTC,A,502
sampled_wallet,0x24692898ce8f5bbe617e397f79367c53741241a1,2024-09-04 02:03:08.000 UTC,A,502
sampled_wallet,0x24a4a03d08aa755875eb03281b4518c00109ca75,2024-12-21 18:36:17.000 UTC,B,4578
sampled_wallet,0x250a8012d8f61e98d10b02f6b62ecfee20cb6d1d,2024-11-07 14:24:52.000 UTC,A,502
sampled_wallet,0x261c82bfd2e001c01436492a9700d34bf6507cd3,2024-12-24 13:23:29.000 UTC,B,4578
sampled_wallet,0x2655692807949eff2b8c83af9dbc6c83e3118685,2024-12-21 17:13:58.000 UTC,B,4578
sampled_wallet,0x266fed0477a60a8af028552e4031f2ba2c9cb55a,2024-12-15 14:17:07.000 UTC,A,502
sampled_wallet,0x273cede8bb05515f382d9377bfa27b47014dbec5,2024-12-18 21:55:22.000 UTC,B,4578
sampled_wallet,0x290204115de424c205ab70a98e5731112e50f315,2024-12-23 21:59:47.000 UTC,B,4578
sampled_wallet,0x2a03d5e52f8c6a8112604174722df8420926c2c1,2024-12-20 16:07:17.000 UTC,B,4578
sampled_wallet,0x2a9c840afd75eee789641f1ccd5401710f3b2366,2024-12-23 00:24:13.000 UTC,B,4578
sampled_wallet,0x2bbd70e2ccb73aac096a60cee4e8a3429c184a62,2024-10-31 03:11:53.000 UTC,A,502
sampled_wallet,0x2c6f416cad4764d2809df184b8eae2f59d3e014e,2024-12-23 08:47:33.000 UTC,B,4578
sampled_wallet,0x2d3819976245031e0f3ca7e914cd3da8a3defd48,2024-12-10 08:47:02.000 UTC,A,502
sampled_wallet,0x2def8c5dab96c20c317b370eaa5249061bc17066,2024-12-19 17:42:01.000 UTC,B,4578
sampled_wallet,0x2e40287b7a2623fc828c90ea6cbe97f9eeb7c89d,2024-12-19 15:11:10.000 UTC,B,4578
sampled_wallet,0x2f01c0f0ef031eeb6de29c0101d2b3c506fe663c,2024-12-06 13:17:50.000 UTC,A,502
sampled_wallet,0x34134e7c29b654c4f53ec213e6f35808b3f05204,2024-11-18 05:58:50.000 UTC,A,502
sampled_wallet,0x347a522d5fe7f612b9d855a09143a5cad88883e3,2024-12-18 21:41:26.000 UTC,B,4578
sampled_wallet,0x34b5399405d14454b6da47d1e6796f51ac0963ec,2024-12-10 08:39:30.000 UTC,A,502
sampled_wallet,0x359499cf05cbca92e66235a2d8494be6ee3d3467,2024-12-22 08:41:19.000 UTC,B,4578
sampled_wallet,0x37fdff6ce9e55c3500940fac9a14bd8d870e2c5a,2024-12-22 16:37:34.000 UTC,B,4578
sampled_wallet,0x3978a99e028eb590c98d8e9ddbe513298fa92f24,2024-12-15 05:59:21.000 UTC,A,502
sampled_wallet,0x39828b3f15d24a1bb6816b17f0d0a11262bc6e7a,2024-12-20 04:11:27.000 UTC,B,4578
sampled_wallet,0x39c18a5a8835833a2400472d482f04c319ce89d9,2024-12-10 21:01:56.000 UTC,A,502
sampled_wallet,0x3a053d3720e4c0381b9ccd3dda4afd5be7032dda,2024-12-20 23:23:57.000 UTC,B,4578
sampled_wallet,0x3a366494e79b1b3c0faafa15862bb1ee19001214,2024-12-19 13:53:32.000 UTC,B,4578
sampled_wallet,0x3a36a1e32eb4c0fb70e265a93d66fdb9223f454b,2024-12-19 23:45:51.000 UTC,B,4578
sampled_wallet,0x3a54121496232e110604d17010e1a5d95446bd1d,2024-12-24 04:10:48.000 UTC,B,4578
sampled_wallet,0x3a5d49e7115cd6b069ef9256904343a8541e93ab,2024-12-20 15:53:55.000 UTC,B,4578
sampled_wallet,0x3a8651c42ac19aa3e3141531a298abc72f51dea8,2024-12-15 21:22:22.000 UTC,A,502
sampled_wallet,0x3b2c700021065479900ebec1bf961f4ed1e3d0d4,2024-12-10 08:45:14.000 UTC,A,502
sampled_wallet,0x3b3fb453ebd7445da93fbfb4ef5e4d036af883db,2024-09-19 01:49:53.000 UTC,A,502
sampled_wallet,0x3b7b03427034fe97f88e22053595500c7105f74e,2024-10-20 21:44:48.000 UTC,A,502
sampled_wallet,0x3bf40a6cea107b826852e630990a95353eea77d1,2024-12-21 00:52:15.000 UTC,B,4578
sampled_wallet,0x3c48abb33a81128a4008085a7c05af0fd1c856b8,2024-09-27 00:23:27.000 UTC,A,502
sampled_wallet,0x3ce96461e77d62b434acf9a40af96fcbd79a9c2d,2024-12-21 05:57:32.000 UTC,B,4578
sampled_wallet,0x3e654a008a609b16d5e6c1b08baabfea8725b3a8,2024-12-23 11:25:51.000 UTC,B,4578
sampled_wallet,0x3e7217167e636329c0b0de0758b501232b279938,2024-12-23 13:19:33.000 UTC,B,4578
sampled_wallet,0x3ec83a4704571cb3b910650c4999c29f471d0d44,2024-12-19 14:25:23.000 UTC,B,4578
sampled_wallet,0x3efbe6342b290613e2e7c8585599cd5e1a42244b,2024-10-25 16:22:53.000 UTC,A,502
sampled_wallet,0x3efbf83d79cd9d95429e3fbf278292dcda3b458a,2024-12-20 01:02:26.000 UTC,B,4578
sampled_wallet,0x3f0c86cdcf9b118c2d67ba675debb6ae62639296,2024-12-10 22:20:52.000 UTC,A,502
sampled_wallet,0x40563ab71cc89ffd3bf639b0c81e32943715ec44,2024-12-19 13:41:54.000 UTC,B,4578
sampled_wallet,0x4143b489bc3ff698f21ddf8c9bdc4ca5f918232a,2024-12-22 05:31:32.000 UTC,B,4578
sampled_wallet,0x414ce81b0397a9cfe18c7b2d32d4300f8f275c7e,2024-12-22 17:12:28.000 UTC,B,4578
sampled_wallet,0x415c3009ba582ee5d126ec7460fb2b64a0ba3c94,2024-09-03 18:14:56.000 UTC,A,502
sampled_wallet,0x416e2d8a2f5948d4f0689dc1797262280107a47f,2024-09-25 05:02:39.000 UTC,A,502
sampled_wallet,0x41bb81fdc6dc952da515d88c5c46801e03442526,2024-09-23 16:45:40.000 UTC,A,502
sampled_wallet,0x41e69e86a1a5ebb1cd631403f7a0f8d6274fcaee,2024-12-20 10:17:11.000 UTC,B,4578
sampled_wallet,0x420eac7602f52ba628bcd5fe834671510e23404a,2024-09-13 02:06:16.000 UTC,A,502
sampled_wallet,0x436d90f052702950271627a3ff885957c062f5a2,2024-12-10 20:47:36.000 UTC,A,502
sampled_wallet,0x43948c947f76e3d36a17ace0d45180e1fca21db4,2024-12-15 14:18:59.000 UTC,A,502
sampled_wallet,0x43989eb74ace1d2fbad9a4585ce8c52400c533c0,2024-12-20 07:49:46.000 UTC,B,4578
sampled_wallet,0x43ed02b9fd2f86a520bc30a285fa17f81e4e604f,2024-09-22 20:17:04.000 UTC,A,502
sampled_wallet,0x43ed7d1bf7c703136971ae5e64f6e7feea435535,2024-09-03 19:55:36.000 UTC,A,502
sampled_wallet,0x444aeec0197ed90df4bf357b00273f5d6b690de0,2024-11-22 20:32:43.000 UTC,A,502
sampled_wallet,0x45580feac3b916a88b7513929e26f86b3adea2b3,2024-12-21 01:15:27.000 UTC,B,4578
sampled_wallet,0x45746cf20077faef288188c9e0e31228f63fab3e,2024-12-20 06:38:24.000 UTC,B,4578
sampled_wallet,0x459b23cf0b67b9bc1ab89394f3dc45c08df6a2cc,2024-12-20 06:26:38.000 UTC,B,4578
sampled_wallet,0x461a591ce21697febe81213450b720504f294030,2024-12-16 23:00:33.000 UTC,A,502
sampled_wallet,0x46c8535c15003d8c6c353c661d75567dcb9340db,2024-12-10 08:42:06.000 UTC,A,502
sampled_wallet,0x47e027c41dbd85b534893edcce2eacc53aefd485,2024-12-21 05:24:26.000 UTC,B,4578
sampled_wallet,0x48263f647cc73b39c5e0c560af5a867e57bd6493,2024-12-10 22:16:06.000 UTC,A,502
sampled_wallet,0x482ba2b19ba56086abebe8796031032dc97c85f9,2024-12-21 04:19:51.000 UTC,B,4578
sampled_wallet,0x484f73a9e91dc5b24ec9c32de8f1540b51fe19ec,2024-12-22 13:17:57.000 UTC,B,4578
sampled_wallet,0x48d2bfd5c9d4e16a1f63efaeeb7c6665ba481c1c,2024-12-21 16:59:50.000 UTC,B,4578
sampled_wallet,0x4930980e617870992d92a31c8ca0687ccfdc0463,2024-12-10 13:57:29.000 UTC,A,502
sampled_wallet,0x49ce241ea7f07d3620e216ec1542d3f5f1e9b599,2024-09-19 14:24:41.000 UTC,A,502
sampled_wallet,0x49ddab776e728247a88c86283dd440b7d4bb83e9,2024-12-23 15:02:05.000 UTC,B,4578
sampled_wallet,0x4a3cb3563ed7d8aca1879b7e0cb3bc71b91bdcca,2024-12-18 21:56:20.000 UTC,B,4578
sampled_wallet,0x4aa13462a40d3477a1c11748f52c11e2a4a574f9,2024-12-24 16:03:23.000 UTC,B,4578
sampled_wallet,0x4b41dc21ee46c347fea27a78625475f9ca318c29,2024-12-20 19:26:17.000 UTC,B,4578
sampled_wallet,0x4bc72c7a4b29e8ff5377066001b5695a1491502e,2024-12-24 12:33:57.000 UTC,B,4578
sampled_wallet,0x4cf1ad8f0ebba02871fc14bc7d0b52d2d7336185,2024-12-10 08:40:24.000 UTC,A,502
sampled_wallet,0x4d6f057ee77d58a8487bafc9e128f69654569314,2024-12-24 14:08:23.000 UTC,B,4578
sampled_wallet,0x4dbe31117522f389e4ec87fb32c1af7b59012f18,2024-10-02 18:35:05.000 UTC,A,502
sampled_wallet,0x4e25605fd905e9972efc0f4d8814530c655cd7a7,2024-12-17 23:55:42.000 UTC,B,4578
sampled_wallet,0x4e8c229a85ed66c8748455c3a1696757415fef04,2024-12-20 07:59:20.000 UTC,B,4578
sampled_wallet,0x4ef30bc412523365c3e6f4de7f3d7ed6e53f3d1b,2024-09-19 02:01:49.000 UTC,A,502
sampled_wallet,0x4f54ea3f1c76d7c02142362c7ea200ec995667f0,2024-12-09 07:47:56.000 UTC,A,502
sampled_wallet,0x4fc210c14e050ab524dab4f3b3714107e1bcef33,2024-12-18 23:56:57.000 UTC,B,4578
sampled_wallet,0x4fea1f8f10940f33bcd61fddd79dfea88a65d383,2024-09-30 10:42:37.000 UTC,A,502
sampled_wallet,0x50a0a3c37f108891572ceccae154fecc46f0e37a,2024-12-10 22:15:58.000 UTC,A,502
sampled_wallet,0x520a7ab994ea2cbaa5e993f1bce6c179aa044d62,2024-12-10 21:01:56.000 UTC,A,502
sampled_wallet,0x528b48250edb92a37ce1c874917f08104209fbf6,2024-09-15 17:15:12.000 UTC,A,502
sampled_wallet,0x52c0d127b13b19690f7deac35c9acb6465430e1e,2024-12-21 20:51:05.000 UTC,B,4578
sampled_wallet,0x533c697dee31f751af0dbb5805002437e1236892,2024-12-10 20:45:27.000 UTC,A,502
sampled_wallet,0x542aae10712e812bd71d792861ec5a570aa8a81b,2024-09-06 21:37:08.000 UTC,A,502
sampled_wallet,0x552b09b8bff194624ab0d75b4bdea3675121604b,2024-12-21 01:27:15.000 UTC,B,4578
sampled_wallet,0x576b367f67d2a1d5761d5073594391116cf7728c,2024-12-21 22:25:17.000 UTC,B,4578
sampled_wallet,0x57c5de7efafb020e589f80e0da6e16e9b5c907aa,2024-09-18 23:14:28.000 UTC,A,502
sampled_wallet,0x5811eff98d7f8c5c637708d34bdb12f9244d09c0,2024-12-23 09:08:41.000 UTC,B,4578
sampled_wallet,0x58e6f64815712dd872dc4b19b5952cd86162ac74,2024-09-22 12:27:12.000 UTC,A,502
sampled_wallet,0x59a6c64843cd3f7608a263d35b998f4bcc2184a9,2024-12-21 08:20:27.000 UTC,B,4578
sampled_wallet,0x59aab6f0db31ead4b76949ace79cd5cfb2e34aac,2024-12-10 20:47:40.000 UTC,A,502
sampled_wallet,0x59e4aab7baa80484a36d97463b46934bc5dc87dd,2024-12-15 14:17:15.000 UTC,A,502
sampled_wallet,0x5ad335518846650f90b13d8351544c309a4e5a54,2024-12-24 09:00:37.000 UTC,B,4578
sampled_wallet,0x5afcd180dd51bf8a15c9e5a2f4c1df5b3b0dba0b,2024-12-19 18:06:38.000 UTC,B,4578
sampled_wallet,0x5b0721f4e910b35d4e81928fc34a514baf135de1,2024-09-24 15:31:41.000 UTC,A,502
sampled_wallet,0x5b736db0d74083948a2675fcd03498ddddb84766,2024-10-01 19:18:23.000 UTC,A,502
sampled_wallet,0x5cc07a8d74bca06e4656df7813969aae3b9fcc95,2024-12-20 20:14:57.000 UTC,B,4578
sampled_wallet,0x5cc3b8006a376c5d861f0fb9c21cafc6498423b3,2024-09-13 04:58:58.000 UTC,A,502
sampled_wallet,0x5dc384163a971f3fdafbac21cff3b6c90bc0db8a,2024-12-21 06:30:45.000 UTC,B,4578
sampled_wallet,0x5de1bf1666d0ba84631b43121b7ce27f3635cddf,2024-09-19 19:02:32.000 UTC,A,502
sampled_wallet,0x5e090847ff704b55de5b7b0794ae81a17945e03a,2024-12-20 14:10:15.000 UTC,B,4578
sampled_wallet,0x5fb891b045ae2af49757d900ce65e137d0add53c,2024-12-22 05:30:34.000 UTC,B,4578
sampled_wallet,0x5fc814d89c2aa979bd987add20d6eb39eb0439ef,2024-12-21 18:33:33.000 UTC,B,4578
sampled_wallet,0x605f26d228e6eb85e38d16e79d9e54b9d36e8b0a,2024-10-17 15:29:27.000 UTC,A,502
sampled_wallet,0x623d825c533a2b8e104e59892c80bd9796285169,2024-09-22 22:08:16.000 UTC,A,502
sampled_wallet,0x62c908aa88c9d9142c5043c8026f4fe211908a81,2024-12-23 04:22:55.000 UTC,B,4578
sampled_wallet,0x62d2bcd198bb6eab8b7eeb9d2061815dc02b9eb7,2024-12-23 01:21:47.000 UTC,B,4578
sampled_wallet,0x64c8ec47e1f5a367f234a74f8176d805e87173ce,2024-12-18 00:24:59.000 UTC,B,4578
sampled_wallet,0x64e3b35f99289a14a013e5aa460790ba6daf3371,2024-12-22 05:18:52.000 UTC,B,4578
sampled_wallet,0x68874a6a673fffb40082ab71c82eeed331363626,2024-12-22 06:55:54.000 UTC,B,4578
sampled_wallet,0x68a75bbb7cec9a442d4fdf153f50182e90828da6,2024-12-18 19:39:02.000 UTC,B,4578
sampled_wallet,0x68c24bf4a8ad4d79a6fe4b8eec6f93a02dfd1711,2024-12-17 15:17:41.000 UTC,A,502
sampled_wallet,0x68c486c725b909e8801911e7b0ec2bda75851ce7,2024-12-24 10:54:17.000 UTC,B,4578
sampled_wallet,0x68ee54dea57c5384ef0a53b59d98acbe7bfa9d12,2024-12-20 11:51:28.000 UTC,B,4578
sampled_wallet,0x6ab9b0f2c87856f2eccdc1b30229077a17783a27,2024-12-24 13:02:31.000 UTC,B,4578
sampled_wallet,0x6b58eb9d0e2b3b32ea6ce185bab05c73ae8fc6a8,2024-09-19 13:35:03.000 UTC,A,502
sampled_wallet,0x6ba7e8bc5482c741cf6f18dc80f27a6b744ca18b,2024-11-03 22:43:48.000 UTC,A,502
sampled_wallet,0x6c5dd092089e3db777ed8bf90cebbb313d6e1da6,2024-12-23 01:12:43.000 UTC,B,4578
sampled_wallet,0x6d35834f42413dbdc9ca6852b2301337a61bcb4e,2024-12-21 02:08:25.000 UTC,B,4578
sampled_wallet,0x6d39544dc6af879918ac8381766636d6c816e9f2,2024-09-20 08:56:17.000 UTC,A,502
sampled_wallet,0x6e5f8368da6ccc7aa5fa5d12577b8ae6b9295da7,2024-12-23 07:28:19.000 UTC,B,4578
sampled_wallet,0x6f3d548be152d896cb5732181c2f1333e041457e,2024-12-21 23:02:40.000 UTC,B,4578
sampled_wallet,0x6f5b0308144b290c1ef94d26fb48440f5ed46759,2024-09-19 00:10:52.000 UTC,A,502
sampled_wallet,0x6fd14b6060f4808e4f5fda18a5c068426eb2bb55,2024-12-23 07:24:09.000 UTC,B,4578
sampled_wallet,0x6febb855756347d57c5af5635bfc98bc791f94e5,2024-12-17 07:15:13.000 UTC,A,502
sampled_wallet,0x706527d838b292ef72fcb021d10003459b46c100,2024-12-14 15:50:50.000 UTC,A,502
sampled_wallet,0x70bc54fdba5ff5da1473443bfa4b0f85da05c111,2024-12-21 04:36:28.000 UTC,B,4578
sampled_wallet,0x70e40fe6c5bbcf14b82270bb8e1d38ff020f1f94,2024-12-19 22:36:05.000 UTC,B,4578
sampled_wallet,0x716ba49017a0cbd5fa1cc5ba9af80ab18105bc21,2024-12-10 09:03:30.000 UTC,A,502
sampled_wallet,0x71ed0bc95433cdf1be29f43219725fce9addd9eb,2024-09-19 13:35:03.000 UTC,A,502
sampled_wallet,0x724216bea57cdc3d53710d12b7d0648fd3c86063,2024-12-17 12:58:10.000 UTC,A,502
sampled_wallet,0x72868b1cc1f873c2c86140c97a2b1c7d3d040171,2024-12-21 10:04:36.000 UTC,B,4578
sampled_wallet,0x73a0ff085512d62a99d8d786a9ebbcfb417e6968,2024-12-10 08:49:14.000 UTC,A,502
sampled_wallet,0x743848257bffb0dd616ae0e8cb98e098f06e57e7,2024-09-24 12:38:16.000 UTC,A,502
sampled_wallet,0x745ae9cbc1784a62ebd7d9fe8b04a6f6f8f064e8,2024-12-18 21:57:50.000 UTC,B,4578
sampled_wallet,0x747de92f5d32a8b16dcc6f455e5fc223882c8879,2024-12-24 22:21:23.000 UTC,B,4578
sampled_wallet,0x74b2a4bac75bd0f1b7c78c0dd793876c2b41282b,2024-12-23 05:34:51.000 UTC,B,4578
sampled_wallet,0x74ddf7831b202ffe92d6aba03e61c7c540440b04,2024-12-10 08:59:50.000 UTC,A,502
sampled_wallet,0x770e06c9e8d0c14065f7c0b8ac0e0ecd50287640,2024-12-21 06:48:46.000 UTC,B,4578
sampled_wallet,0x78fa74a9b2db52686fbfe803c76a47543df3103a,2024-09-05 04:12:41.000 UTC,A,502
sampled_wallet,0x7b98a925dd99be9599d5805269e25ad1b4d7ef9a,2024-12-20 17:13:44.000 UTC,B,4578
sampled_wallet,0x7be5e9a946802867f5562272fb9cfa51e6ce8aa3,2024-09-04 12:45:00.000 UTC,A,502
sampled_wallet,0x7cacfd79844820ea27d92c637a974f02a658f128,2024-11-21 02:38:47.000 UTC,A,502
sampled_wallet,0x7ce4a6dbada09d8b1b40e17b8b84370737da6159,2024-12-03 16:04:52.000 UTC,A,502
sampled_wallet,0x7db209675792bbcf15a453b30877418a6f488ad9,2024-12-20 10:45:59.000 UTC,B,4578
sampled_wallet,0x7e252220c0604fd1d7d7a0c9369395715e6af579,2024-12-20 02:33:11.000 UTC,B,4578
sampled_wallet,0x7e9c3555e1fbb13d9ed9bb87713803826c140669,2024-12-15 03:50:48.000 UTC,A,502
sampled_wallet,0x7ec42afe3b076b3ffab6dd32a64cc03e5b76a2c6,2024-09-11 19:50:53.000 UTC,A,502
sampled_wallet,0x80d1a0d1a5a66ea002b8e1dbd381d90f61e2f6c4,2024-12-21 15:10:35.000 UTC,B,4578
sampled_wallet,0x80f77df34d66a15f36a832dae4c61d9316ca0d6f,2024-11-08 17:34:23.000 UTC,A,502
sampled_wallet,0x8164b38023e39e76ba038c12282da06a3d86847a,2024-11-15 02:04:05.000 UTC,A,502
sampled_wallet,0x8168087128f0d67798ea1bf708d50e3bef7d9319,2024-12-23 09:08:11.000 UTC,B,4578
sampled_wallet,0x8267694f07437124ea5a2e9e9cc1d3adf682918d,2024-11-08 20:30:32.000 UTC,A,502
sampled_wallet,0x827eb8222109da285fe7a94e2a8c6a5cd753dffd,2024-12-10 22:16:02.000 UTC,A,502
sampled_wallet,0x82ed61cfe9fdf4a1bd0894f55425c1e8690e75de,2024-10-05 06:58:26.000 UTC,A,502
sampled_wallet,0x8304ada4e1747a1d188d7233b5c047dfce42f086,2024-09-05 04:12:41.000 UTC,A,502
sampled_wallet,0x83fd618e2143619286a95c956815f0c10def495c,2024-12-15 14:19:05.000 UTC,A,502
sampled_wallet,0x844a193f2d8688472cdeaa6c47f8f0dd4e62193b,2024-12-05 10:27:23.000 UTC,A,502
sampled_wallet,0x846f10bb6a12acc6eda5ffe3b12288aa38e4750e,2024-12-21 12:06:26.000 UTC,B,4578
sampled_wallet,0x849c6a7d8f6b114fb105d86aaeaf6faabf1efac4,2024-12-20 22:47:41.000 UTC,B,4578
sampled_wallet,0x84cdcb44555c6406b9c3f449347bf384af849a42,2024-12-22 10:58:43.000 UTC,B,4578
sampled_wallet,0x851052d90778e14509ec5de4682f002806903908,2024-12-24 10:50:31.000 UTC,B,4578
sampled_wallet,0x85204aca7b26c96c4c7b74c7c2c072ba164cb209,2024-12-10 22:19:58.000 UTC,A,502
sampled_wallet,0x8580faf786a9340d2b87787959f26fd79e760fcd,2024-12-10 08:52:08.000 UTC,A,502
sampled_wallet,0x85b68b573dd7becfd38033111d3b91b131196042,2024-12-23 02:24:03.000 UTC,B,4578
sampled_wallet,0x86263996e0481e5d18efdbda98cfbcd725c576d9,2024-12-21 19:40:33.000 UTC,B,4578
sampled_wallet,0x865d27f35567651937150fc77c7080091f71df77,2024-12-21 22:26:23.000 UTC,B,4578
sampled_wallet,0x8660790e60198c134803364b6e9b581b7e8afb4c,2024-12-10 08:40:58.000 UTC,A,502
sampled_wallet,0x86b33c054424fde6c46caeb962ed574f5c5728d5,2024-11-11 15:49:54.000 UTC,A,502
sampled_wallet,0x872a8e00b736745f6489888592b251824e9ec0e7,2024-12-22 14:13:28.000 UTC,B,4578
sampled_wallet,0x8774da131b1de1e86a85834f3824bbb4424f48e5,2024-12-10 22:16:06.000 UTC,A,502
sampled_wallet,0x8795bcb2fe129d1ea3e3d73bc13a3d8078047544,2024-12-21 01:00:33.000 UTC,B,4578
sampled_wallet,0x880b5905614787c6de8e7a25ea78b85ba8bd66b5,2024-12-10 08:40:02.000 UTC,A,502
sampled_wallet,0x888b680062472901e8fe86d24c56808d1504123b,2024-11-15 12:06:47.000 UTC,A,502
sampled_wallet,0x88a8396e73d65fc2915d2d05b34ab4f97cd5f598,2024-12-10 09:15:18.000 UTC,A,502
sampled_wallet,0x89b1f35760bb766d04a546677e4a44b18330857e,2024-12-21 20:31:19.000 UTC,B,4578
sampled_wallet,0x8a18964f3b822c8ccd654a4b2f5201ec1ee94058,2024-09-22 21:32:02.000 UTC,A,502
sampled_wallet,0x8a7b303be8e889df63f556dd5be6473938086c17,2024-12-21 21:56:59.000 UTC,B,4578
sampled_wallet,0x8afa7d5e0f289b85b2bc89dd5ef6be39fc5b1265,2024-12-10 12:00:40.000 UTC,A,502
sampled_wallet,0x8b3fbfc96444dc034b0342e3b377baaa3a4f164d,2024-11-07 10:49:16.000 UTC,A,502
sampled_wallet,0x8cac8b80cb5a30b0511d5076bfd49ad6fec1a334,2024-12-22 07:13:04.000 UTC,B,4578
sampled_wallet,0x8d08eb035db5dff871afdc570a342eb2146e0080,2024-12-21 16:20:46.000 UTC,B,4578
sampled_wallet,0x8de426b20d51ca0c40a2fafe2ec4065ada0cb516,2024-11-07 04:49:19.000 UTC,A,502
sampled_wallet,0x8f6feee57c92df85c007c9832d8e5bcbfab18e3d,2024-09-21 01:48:48.000 UTC,A,502
sampled_wallet,0x9126e8552a45c1c1c97f482c5b522fa6b0aef194,2024-12-10 22:22:34.000 UTC,A,502
sampled_wallet,0x91784d82fbe4543459ee85fc9809be185d70a2b2,2024-09-11 19:50:53.000 UTC,A,502
sampled_wallet,0x91bb108bf66266c2f9063ef39ec45ebe33dbb6e9,2024-12-24 13:11:29.000 UTC,B,4578
sampled_wallet,0x91f0582cc18a97d08e99f87d390626c2b41923bb,2024-12-17 05:22:32.000 UTC,A,502
sampled_wallet,0x93a590ac84ed62dea6bf8898de971f8e1787acbc,2024-12-21 10:11:47.000 UTC,B,4578
sampled_wallet,0x941137789d1aada8b0308d0674cce93cbadcb840,2024-12-10 08:46:52.000 UTC,A,502
sampled_wallet,0x94565e5bfee4569506ad8dbc9000021786cdc9d8,2024-11-21 11:48:40.000 UTC,A,502
sampled_wallet,0x95564bdc296f686daecf6ded78eb6e836abf316d,2024-09-18 22:25:08.000 UTC,A,502
sampled_wallet,0x95d2c1964964f958dc7af4f4f6aef152fcd95cd1,2024-12-22 06:48:50.000 UTC,B,4578
sampled_wallet,0x961379dfe77f6e6b33832125ae9edbc4ffe4782e,2024-12-10 08:59:18.000 UTC,A,502
sampled_wallet,0x96d6fb51c849e8c42548dbd755b77686ded13e1f,2024-12-10 09:00:46.000 UTC,A,502
sampled_wallet,0x9834d996d918c77232784ae0d9c5d0912490c07c,2024-09-19 16:44:16.000 UTC,A,502
sampled_wallet,0x98beeac28f65ede65c57df44fd593cc1de3eedbc,2024-12-24 03:14:24.000 UTC,B,4578
sampled_wallet,0x98e48d46e30751d65421d37ee7c04fdba765dd50,2024-12-20 15:50:18.000 UTC,B,4578
sampled_wallet,0x991b38903b4a9011f9a73863d3b5723037f31e82,2024-12-10 09:52:08.000 UTC,A,502
sampled_wallet,0x99231a92691082ea93065c5c8569ceb30665e925,2024-12-21 16:28:52.000 UTC,B,4578
sampled_wallet,0x9923426a5bb4350e1d9c03d90f3f4ba27c1a8da4,2024-12-22 04:06:24.000 UTC,B,4578
sampled_wallet,0x99356e3ed448b544428ba2bf53317bd2239a9b3a,2024-12-10 09:20:34.000 UTC,A,502
sampled_wallet,0x99a18b3de03fc7bf03bfbfb13f827ef6d018b0c3,2024-12-09 22:04:05.000 UTC,A,502
sampled_wallet,0x99c06b043150f505a620ab2f9c0f9fadf7477e81,2024-09-05 13:37:38.000 UTC,A,502
sampled_wallet,0x99d44e0df89310da31a2b065adef516abc6bbbee,2024-12-22 15:19:04.000 UTC,B,4578
sampled_wallet,0x9a81a4e09d801bf05fb820fd2a2473d7d375147a,2024-12-20 10:35:17.000 UTC,B,4578
sampled_wallet,0x9a840f6062800ebe310e83d1d19b9ba5cc8172b7,2024-12-22 12:48:09.000 UTC,B,4578
sampled_wallet,0x9c98846087fafece3ebb83e90a8838f18206eef4,2024-09-20 01:07:43.000 UTC,A,502
sampled_wallet,0x9ca174b31146f9c2cfc314676b2e203087de3378,2024-12-17 07:47:45.000 UTC,A,502
sampled_wallet,0x9d84ce0306f8551e02efef1680475fc0f1dc1344,2024-09-04 16:03:08.000 UTC,A,502
sampled_wallet,0x9f0df3303c52321902fcd9f6b6145b5d9164da48,2024-12-20 15:40:38.000 UTC,B,4578
sampled_wallet,0x9f69dd74cfacb801cdddd9c8bad6a8eff32ed8f6,2024-12-24 11:44:57.000 UTC,B,4578
sampled_wallet,0xa0273cdcab2b22667af0b971cd98432bd271ca1f,2024-12-22 13:44:49.000 UTC,B,4578
sampled_wallet,0xa074d2ead6799dc4100c94cadcbcd387d0ed0f93,2024-12-17 10:53:04.000 UTC,A,502
sampled_wallet,0xa102b434ce441a3119e146f75ed6276ee1a836d9,2024-12-21 14:36:55.000 UTC,B,4578
sampled_wallet,0xa22ac6c6a8f48d3f9113ff60cf27ec54b63038eb,2024-12-10 08:56:08.000 UTC,A,502
sampled_wallet,0xa2b6629d4bd4401f06f0bd2ebdad359018ff6e50,2024-12-23 07:21:03.000 UTC,B,4578
sampled_wallet,0xa34ac88effbb678891e2708c5caa280b8edb97cf,2024-12-21 15:00:03.000 UTC,B,4578
sampled_wallet,0xa3b248c2c9d4a2f64745d261410fd1db55f14e48,2024-12-20 07:36:00.000 UTC,B,4578
sampled_wallet,0xa3e22cd32aa9238ef7dbcfb4761e33b9eaa1fdf8,2024-09-03 18:14:56.000 UTC,A,502
sampled_wallet,0xa3ef543b70008b7fa19e88413d0df1596bb0fe09,2024-12-10 22:20:24.000 UTC,A,502
sampled_wallet,0xa4374cd725e910b1ba67e580c6ead69bfc023422,2024-12-20 12:58:53.000 UTC,B,4578
sampled_wallet,0xa45fa670f03e6dfd761f5ec26470797705b84c9b,2024-10-05 20:15:38.000 UTC,A,502
sampled_wallet,0xa472be8e2b0b8045b432c16658a52c7cb433c28e,2024-12-15 08:45:40.000 UTC,A,502
sampled_wallet,0xa4e1647cad701d2347ecb894e276772c0e828c59,2024-12-10 09:08:36.000 UTC,A,502
sampled_wallet,0xa519e8bc680603d433c5ce5c9235cd563552b61a,2024-12-24 22:08:07.000 UTC,B,4578
sampled_wallet,0xa5546c9986aaed594fb1856e54f14f53ea10ab62,2024-12-18 21:16:32.000 UTC,B,4578
sampled_wallet,0xa6c77708aeb33c24adb53c83f78895bf7555366e,2024-09-19 03:20:31.000 UTC,A,502
sampled_wallet,0xa79ad56ce146d93e8b33a0169a608461b8b17b55,2024-12-10 21:04:34.000 UTC,A,502
sampled_wallet,0xa7bf1c5bc4d145e0662ada2a4ca5f29850f42e7e,2024-12-13 09:02:37.000 UTC,A,502
sampled_wallet,0xa893dfc3eb7ff8294ca3d56291873cf2f63faaf9,2024-12-22 05:09:16.000 UTC,B,4578
sampled_wallet,0xa8a21b49f82ac4bad416643e6a163dd13c315b23,2024-12-20 01:44:28.000 UTC,B,4578
sampled_wallet,0xa8af4c7923857533b687df9bf02115156e3a325e,2024-09-03 21:00:33.000 UTC,A,502
sampled_wallet,0xa933a22668d80bbd595c80ede146d500988b0dc2,2024-12-23 12:46:51.000 UTC,B,4578
sampled_wallet,0xa98249c319c035b72092163c557969ed3493ceff,2024-12-23 14:46:07.000 UTC,B,4578
sampled_wallet,0xa9d3ab9fa0315172da005d56d2cb6b6682126580,2024-12-15 14:18:53.000 UTC,A,502
sampled_wallet,0xa9f9c0ca31912bee7ecd8aa25bfad07adcd6b3de,2024-11-09 14:05:32.000 UTC,A,502
sampled_wallet,0xaa4ceafa2163dd9b59fd96ffff346235e1a292c7,2024-12-20 21:22:16.000 UTC,B,4578
sampled_wallet,0xaa81cfede9ff21704c9b6a9e26fcf3b84a1a6981,2024-12-10 09:18:42.000 UTC,A,502
sampled_wallet,0xab11f902b8f4843b1b1b9fc80cd8ec64be453bf5,2024-10-09 17:32:22.000 UTC,A,502
sampled_wallet,0xab188016a5c595c258d366ed8fe8f0a293fb51f5,2024-12-24 05:10:51.000 UTC,B,4578
sampled_wallet,0xab3bd10068f7b13249de8959793631c1868ea825,2024-11-20 00:47:55.000 UTC,A,502
sampled_wallet,0xab8c6d0a9c2c93c857374da81284839a14e08aba,2024-09-19 03:20:31.000 UTC,A,502
sampled_wallet,0xac4502d32af912ac03deaece6b294d3c4f8e20c5,2024-12-21 07:57:02.000 UTC,B,4578
sampled_wallet,0xacc7c860abfdd4adfbe387211df06678cc206938,2024-12-10 14:01:33.000 UTC,A,502
sampled_wallet,0xad02cd63b07831e18318af1f857e1bc5dc2351b6,2024-12-10 09:16:50.000 UTC,A,502
sampled_wallet,0xada0b67ed632a88d95811d75ece4672c2c870300,2024-12-21 09:16:14.000 UTC,B,4578
sampled_wallet,0xadd024562a83c1b39953f492f46626599e919cb1,2024-11-27 07:43:24.000 UTC,A,502
sampled_wallet,0xaddd8d60a7025c34bef8320f0e042c79a4817182,2024-12-17 12:42:50.000 UTC,A,502
sampled_wallet,0xaeb2adf43031ac24a755e9cf76bb3baa5844c2be,2024-12-22 07:36:48.000 UTC,B,4578
sampled_wallet,0xafa9c80ebd9c846ed6d2cd2d4adffc98f2a7dd46,2024-12-20 19:05:13.000 UTC,B,4578
sampled_wallet,0xb126f164c3355a55f36e2fc9365947ac4eaa8cf0,2024-12-10 12:02:44.000 UTC,A,502
sampled_wallet,0xb12f1fff08d99ee72c58a20a7c94b7784806baa5,2024-12-21 13:43:19.000 UTC,B,4578
sampled_wallet,0xb1c2687e233e747f37e30f6f0cb615f6e86042ed,2024-12-20 21:13:12.000 UTC,B,4578
sampled_wallet,0xb1c4f6499dd5e0149639af9379ea79c11acc0344,2024-12-23 07:30:17.000 UTC,B,4578
sampled_wallet,0xb236dcdbb0386929573851da101eb310315b1d5d,2024-12-21 03:46:36.000 UTC,B,4578
sampled_wallet,0xb2934313d3ab754f9207380e8b84502b30b3cb90,2024-11-18 02:58:27.000 UTC,A,502
sampled_wallet,0xb2d45409134a1b5eb9996bd6a4e02ea79a0d22a4,2024-12-20 18:12:53.000 UTC,B,4578
sampled_wallet,0xb3472a1ff7ebc53e2ecda6680a9ed50f1516accd,2024-12-11 04:14:07.000 UTC,A,502
sampled_wallet,0xb36d0ee6b7ff6b4d86e4f92cf686d73273aa8bfb,2024-12-21 00:37:09.000 UTC,B,4578
sampled_wallet,0xb3ec907f1e2ca15db35c004fe1e0f262f0aaf87f,2024-12-17 05:04:28.000 UTC,A,502
sampled_wallet,0xb44196edf99826cf10d4ad9da8b162bc283ec874,2024-12-23 12:58:19.000 UTC,B,4578
sampled_wallet,0xb476a3f52e6599bfb973611aee10c84ae7fa31a3,2024-12-21 05:04:58.000 UTC,B,4578
sampled_wallet,0xb476ededfdfe23138c2926ddb568929cb072113c,2024-12-23 16:28:41.000 UTC,B,4578
sampled_wallet,0xb6462ef1bf962d3cdabd2cd65b9469848d6abc66,2024-12-15 09:36:36.000 UTC,A,502
sampled_wallet,0xb7020616cefafae89719dcf69a0985232087e291,2024-12-19 00:21:12.000 UTC,B,4578
sampled_wallet,0xb86f5fe7476f46ba20431d81fa2c13cb0fb2208b,2024-11-04 15:35:57.000 UTC,A,502
sampled_wallet,0xba0116fab5c6661ece01ec4cef4b028ddb671eba,2024-12-21 18:47:52.000 UTC,B,4578
sampled_wallet,0xba2cb3168709dc3880243586448d6d67afc2bf17,2024-12-21 07:32:23.000 UTC,B,4578
sampled_wallet,0xba968e0a89d3e1ecca6dabc349703cec565ec9c9,2024-12-24 04:59:48.000 UTC,B,4578
sampled_wallet,0xbb81b873482e71a5bf273716e8386143799f0685,2024-12-23 02:06:47.000 UTC,B,4578
sampled_wallet,0xbbbcb6bf6afe534391a2d72069420dc536b2e74e,2024-11-11 04:48:00.000 UTC,A,502
sampled_wallet,0xbc434b8c1ca0f918c20f2e43e55460d9f464f682,2024-12-10 08:48:22.000 UTC,A,502
sampled_wallet,0xbd1117058bc69ba594bccc3981f19d2dc29744e1,2024-12-21 19:13:36.000 UTC,B,4578
sampled_wallet,0xbdd06a4a02e74745ad58b6ad5dc95442bcec4aa7,2024-12-10 09:15:38.000 UTC,A,502
sampled_wallet,0xbdf67fa6c5269ab6aa57f127ebb4970a87a4c4ab,2024-12-10 15:18:33.000 UTC,A,502
sampled_wallet,0xbea78797be5e3842799cde22917c5b2d623bbc30,2024-12-22 08:47:33.000 UTC,B,4578
sampled_wallet,0xbed0b731b8c297c6e3128b82ba08df6a585077c7,2024-12-14 20:12:43.000 UTC,A,502
sampled_wallet,0xbf5f6b7a81c232d9f4e138939532b3565f6da048,2024-12-21 01:31:07.000 UTC,B,4578
sampled_wallet,0xbf78282f15166f376b9f6471689a7f0c92ebc8c4,2024-09-09 18:20:05.000 UTC,A,502
sampled_wallet,0xbfbb9bdd654cb928a1b7b36e994bd53512a4dc2b,2024-12-20 19:22:35.000 UTC,B,4578
sampled_wallet,0xc163a2eeeff2dce269d26300b911a4829fd6ce49,2024-11-21 12:18:49.000 UTC,A,502
sampled_wallet,0xc1ad7ef4aaa5b160ed3cb83f5518df6eb22f4716,2024-12-10 22:22:34.000 UTC,A,502
sampled_wallet,0xc220fe7483a622e71923ebe1091ee5302bfb7485,2024-12-18 21:31:48.000 UTC,B,4578
sampled_wallet,0xc288a080d9fd922a1d7a43cc164442b784f3edb1,2024-12-21 05:38:36.000 UTC,B,4578
sampled_wallet,0xc3de5d251eabb1333129184711ad692f2607e227,2024-12-19 12:04:30.000 UTC,B,4578
sampled_wallet,0xc3eb6b6ddad95e4256805211934dc064fc7872ab,2024-12-24 03:05:10.000 UTC,B,4578
sampled_wallet,0xc41a905068e33ac1f82032008d5cd54aa56c0967,2024-09-11 05:29:00.000 UTC,A,502
sampled_wallet,0xc44061067ac27a82fc4e96e40a8f6a90df42abb8,2024-12-10 08:38:42.000 UTC,A,502
sampled_wallet,0xc440c68eeef8c4e0782ba26e77def7596ccd2e0e,2024-09-26 04:20:38.000 UTC,A,502
sampled_wallet,0xc462fb03bfd6412cb0f8f0384c3aafbf91f85e7a,2024-10-11 15:04:50.000 UTC,A,502
sampled_wallet,0xc4b8a7d646d583555f1b8cdb2f4fba328765b3f7,2024-12-22 15:46:14.000 UTC,B,4578
sampled_wallet,0xc545458feecd61e528f26d357f396a1cf742dc80,2024-12-23 00:11:27.000 UTC,B,4578
sampled_wallet,0xc54f5fb9fdf703d0b6ef5e6dd1896183f947dce8,2024-12-18 23:30:03.000 UTC,B,4578
sampled_wallet,0xc55dfb329ef9c3b675861584f4fb27f071650e39,2024-12-21 22:36:22.000 UTC,B,4578
sampled_wallet,0xc5e2f4966a4a47c87b094eec96607685326125f7,2024-09-18 23:26:24.000 UTC,A,502
sampled_wallet,0xc6587b11a2209e46dfe3928b31c5514a8e33b784,2024-09-19 18:25:04.000 UTC,A,502
sampled_wallet,0xc7ba6db371cd5adcc4a7230c1775fd9162e61c1d,2024-11-16 04:51:08.000 UTC,A,502
sampled_wallet,0xc8275013f43be74fa7839a687aa06b43072fbd83,2024-12-24 04:38:45.000 UTC,B,4578
sampled_wallet,0xc8d080ad1f85f42fdd4bf270f4f7eb122bd933ba,2024-09-04 06:04:10.000 UTC,A,502
sampled_wallet,0xcb1007092b55e8f8499131f2a9d94d3e0a52c547,2024-12-23 04:03:51.000 UTC,B,4578
sampled_wallet,0xcbda8a19d1f0d68f1b336be0a36c3d2a75c7494f,2024-12-10 08:37:58.000 UTC,A,502
sampled_wallet,0xcbf10ed5888382a9c3f0248eeb616ae588ad8fab,2024-12-17 02:39:20.000 UTC,A,502
sampled_wallet,0xcc5c4247b2af04e522047f3b045037dc8a4bb96f,2024-12-21 14:52:17.000 UTC,B,4578
sampled_wallet,0xcc792a28d90f3c5d8fe91e48a184913a65031c2a,2024-11-09 17:59:04.000 UTC,A,502
sampled_wallet,0xcdbf4e39ac36181ae88bb2f6042ee8c178fd556f,2024-10-06 09:05:00.000 UTC,A,502
sampled_wallet,0xcdbfdac42aeac5837d105e255c1131e7bf751926,2024-12-21 04:50:54.000 UTC,B,4578
sampled_wallet,0xcdd604f3c0ee2efcc78f2d26b352f0b3fa6b39b0,2024-12-20 13:49:40.000 UTC,B,4578
sampled_wallet,0xce2689709ff8d1150255e2c4e78046a74144a3ee,2024-12-21 11:17:15.000 UTC,B,4578
sampled_wallet,0xce39324ff8ce565f58bb523f7700a3828c3e9136,2024-12-10 22:16:02.000 UTC,A,502
sampled_wallet,0xcee1c5b45f926ccbcf12ce95a89109709051820c,2024-09-03 21:38:27.000 UTC,A,502
sampled_wallet,0xcf015afd93d661fdde782d59e1bf8c87e80173e8,2024-12-10 20:42:33.000 UTC,A,502
sampled_wallet,0xcf7c3d0c796b2aaaccfd613236431a0ec7cdf2cb,2024-12-08 18:32:13.000 UTC,A,502
sampled_wallet,0xd01e28d22138ad10a2f3d714997943abac1f7a32,2024-09-03 22:10:05.000 UTC,A,502
sampled_wallet,0xd106dcc00ac7428e83801c20b4583f2a545727b7,2024-12-20 18:19:19.000 UTC,B,4578
sampled_wallet,0xd2d3d179e865fa25a5b4e95a1ba25415a112074d,2024-12-21 11:39:17.000 UTC,B,4578
sampled_wallet,0xd2ee0fe57b47a4cc97113444a3fc004eec81f4a2,2024-12-22 10:36:41.000 UTC,B,4578
sampled_wallet,0xd335c535edf3227cb87e8eededc5d05f065ef0de,2024-12-20 22:00:12.000 UTC,B,4578
sampled_wallet,0xd33a70c3320c602e153713a0be741c97f0963172,2024-10-05 06:36:02.000 UTC,A,502
sampled_wallet,0xd33d51927e8deae60d2a50b7766c269e45a83ab6,2024-12-22 09:59:01.000 UTC,B,4578
sampled_wallet,0xd36999d7a5f26dab13b74d27217ad55c9ab326dd,2024-12-24 14:10:23.000 UTC,B,4578
sampled_wallet,0xd383022f8c343f439364388e560175dc53717776,2024-12-21 00:32:31.000 UTC,B,4578
sampled_wallet,0xd399a10051798db01bbfb205c82b0abdbca8730b,2024-12-10 13:49:50.000 UTC,A,502
sampled_wallet,0xd3c4938b7cd8ce0fac6e7e7f479dc146cea39298,2024-12-20 02:21:57.000 UTC,B,4578
sampled_wallet,0xd3ecedcfea21a4dec1e89537d649956e302f7631,2024-12-20 04:42:11.000 UTC,B,4578
sampled_wallet,0xd4ad23e23c900291403e2c7e97e085f8c3468ac8,2024-12-03 16:04:52.000 UTC,A,502
sampled_wallet,0xd4be9d4daa8296fc89782d2a4e951e569b706a03,2024-12-22 12:07:23.000 UTC,B,4578
sampled_wallet,0xd4efa60019d1939710853b833111ea628c3aaf79,2024-11-22 20:32:39.000 UTC,A,502
sampled_wallet,0xd5a2bc1b3d88d70b240383aa4ae640bac40fac70,2024-12-10 08:41:20.000 UTC,A,502
sampled_wallet,0xd5bee975ccf1b69f22ca4af76de77215dcfa4cf5,2024-12-10 09:27:56.000 UTC,A,502
sampled_wallet,0xd5f6127dbc909cb3554862fc67342a2ed4c8b4aa,2024-12-22 08:27:03.000 UTC,B,4578
sampled_wallet,0xd7087132383e331fcee646ebc9637885281080fe,2024-12-21 18:41:48.000 UTC,B,4578
sampled_wallet,0xd70aaecc60cba68cc5d317ec1ce03030c36b050d,2024-12-21 06:46:39.000 UTC,B,4578
sampled_wallet,0xd82863923b926b3fa2270a8045d0760900534edb,2024-12-10 22:19:04.000 UTC,A,502
sampled_wallet,0xd8461e330294a06581cdb6ac8bc3ab35a2ed3c12,2024-12-21 16:36:48.000 UTC,B,4578
sampled_wallet,0xd8535163c007a83045d7554c8c560f746c3afb3a,2024-12-21 01:34:57.000 UTC,B,4578
sampled_wallet,0xd9327f2bcc9ef68714538e5922404263e9f80e47,2024-12-24 01:05:36.000 UTC,B,4578
sampled_wallet,0xda40b796ec4753250d103d0b505dd2f1c36df5ac,2024-12-22 12:56:59.000 UTC,B,4578
sampled_wallet,0xda452728d8e00cce23debd1bdae846c5fede1a30,2024-12-10 08:43:12.000 UTC,A,502
sampled_wallet,0xdad622faa505cc4f692e5440fc0993ceec6e2010,2024-10-27 17:04:28.000 UTC,A,502
sampled_wallet,0xdafdc81949d54ddf847e43fbd49261bbb162e5d3,2024-12-21 06:42:03.000 UTC,B,4578
sampled_wallet,0xdb49f9a80ada356d2779f15548a2a3aa2a0e995d,2024-12-22 16:29:42.000 UTC,B,4578
sampled_wallet,0xdbb8c952f2cae82329752943c523bceba3f3e7c2,2024-12-14 19:54:31.000 UTC,A,502
sampled_wallet,0xdbbcefe5ee079591c478ceb87cd6933d5174892b,2024-09-09 18:00:13.000 UTC,A,502
sampled_wallet,0xdc2acb4d146ebc53135276fecbb3ba31bdef6a25,2024-09-04 06:04:32.000 UTC,A,502
sampled_wallet,0xdc722ff91de47bcfc592aaeeaf416084c72392f5,2024-12-17 13:29:14.000 UTC,A,502
sampled_wallet,0xdcb20a5c24aa616747f19beabff6152c69863e05,2024-10-01 10:37:10.000 UTC,A,502
sampled_wallet,0xdd0e4d1e719e1884c949fc05af340c932799fbe6,2024-12-24 18:14:17.000 UTC,B,4578
sampled_wallet,0xddcc33876ca10bd15380a83ae1d2c003e86d747a,2024-12-23 14:22:03.000 UTC,B,4578
sampled_wallet,0xdde52b572b57c046cc8870a6cf2c16b55853fd02,2024-12-22 20:56:00.000 UTC,B,4578
sampled_wallet,0xde50bc63379fd5686115d49bc7d5b336c734f5a3,2024-12-21 13:11:29.000 UTC,B,4578
sampled_wallet,0xdf4c495c1b7aae8a40b8ed00560d5421356519dc,2024-12-17 16:56:14.000 UTC,A,502
sampled_wallet,0xe01ae58b07e1dcdbde8e10afc8119132fb6dbd8a,2024-12-19 19:12:47.000 UTC,B,4578
sampled_wallet,0xe0368af7f5777989b927b7ad0d420562fee8616c,2024-09-04 16:03:08.000 UTC,A,502
sampled_wallet,0xe07752b92b61ef1d3cc936128b2d4482e7ab8ee3,2024-09-06 01:25:37.000 UTC,A,502
sampled_wallet,0xe0a2f29b1fadb2259111bbeca392d3805ec4a349,2024-12-15 16:32:27.000 UTC,A,502
sampled_wallet,0xe0c63ca599a83817acc8b255bc1c530a8f736003,2024-09-05 07:11:33.000 UTC,A,502
sampled_wallet,0xe10930102344ef63867c6a294881c3f0540ea3b8,2024-12-19 19:00:01.000 UTC,B,4578
sampled_wallet,0xe1113ec3e77f15d4b3aa2ab3776580f818d034b5,2024-12-20 22:59:37.000 UTC,B,4578
sampled_wallet,0xe13ced210b84df9c67f5c5d0dcbfe1da4198bf9b,2024-12-22 10:47:27.000 UTC,B,4578
sampled_wallet,0xe39d9cffb603f943357adbe3c638bdda4667d897,2024-09-19 05:13:47.000 UTC,A,502
sampled_wallet,0xe3a222dbdd0d3d4dce3d1bb867c087091a2894a7,2024-12-18 21:06:50.000 UTC,B,4578
sampled_wallet,0xe3cddbb5483ada61007bc2bcaa89404f4ec7051e,2024-12-10 08:36:48.000 UTC,A,502
sampled_wallet,0xe3ce247b38a22cb6c19e5802cc2d5c9dc6838d26,2024-12-20 00:48:22.000 UTC,B,4578
sampled_wallet,0xe40362b6d2c1eb1134da886f4c64f02f08f6e5a4,2024-12-17 15:07:29.000 UTC,A,502
sampled_wallet,0xe5b9f0c66c0740a543758ed694fad6f662ab3bf1,2024-09-18 23:33:02.000 UTC,A,502
sampled_wallet,0xe5bd2de0560d88e67bb2fb36033b58bc58ab0ce4,2024-12-20 17:15:26.000 UTC,B,4578
sampled_wallet,0xe5d875e48462fc3fb8b8e91eb9b99af7b555fc0e,2024-12-17 17:21:45.000 UTC,A,502
sampled_wallet,0xe653b38eda194edfd82498c6c02a6154a148da45,2024-12-23 12:56:55.000 UTC,B,4578
sampled_wallet,0xe6a02b4fab3064db33c61736fc87cc938f7b73f3,2024-09-18 19:30:00.000 UTC,A,502
sampled_wallet,0xe6e20fe3adf7ab3f37b018da1b5105d9003f77cf,2024-12-23 00:37:19.000 UTC,B,4578
sampled_wallet,0xe7d38a9cfc2354d9c2c5e09d3866f634903aad8d,2024-12-19 02:49:59.000 UTC,B,4578
sampled_wallet,0xe7f6d9c3eb25dd4a282715c6ff5db5d98b7cf2bb,2024-12-09 08:00:24.000 UTC,A,502
sampled_wallet,0xe82e1ea1f33cb045511fd899118b1b34d2afe7a4,2024-12-17 13:38:30.000 UTC,A,502
sampled_wallet,0xe872aaad5264a2fe6d61e65f46da2c6f6905e804,2024-12-21 17:56:10.000 UTC,B,4578
sampled_wallet,0xebe0b0f275dbc6202659e8735761a6fdada69946,2024-12-24 14:10:13.000 UTC,B,4578
sampled_wallet,0xec787d9fd73970902aed9db930b20db4ca8b1f98,2024-12-20 19:19:05.000 UTC,B,4578
sampled_wallet,0xec7c7cbf7b3b3011d44a75726ef484ddc9035bc3,2024-12-10 08:42:38.000 UTC,A,502
sampled_wallet,0xee2d0af021acd033e7e1bca525b64e8877590d8a,2024-12-21 19:35:32.000 UTC,B,4578
sampled_wallet,0xee4a2fae0806b493ed5cdd283a8d412785990c83,2024-12-10 09:33:30.000 UTC,A,502
sampled_wallet,0xeebfeb8ffa66268b976a3e8f83b27638dc326fbd,2024-12-21 12:04:46.000 UTC,B,4578
sampled_wallet,0xeef49fbed90e4412442ea99bdfcd59703c3a5745,2024-12-20 11:32:54.000 UTC,B,4578
sampled_wallet,0xef8638d99d8087edf7a88812ace344351aea25d0,2024-12-19 13:10:49.000 UTC,B,4578
sampled_wallet,0xefe0a8c0fcac490c66e921fe51ff6f2c4392e195,2024-12-23 14:03:13.000 UTC,B,4578
sampled_wallet,0xf13108ace912b8a4822fdc6df220a08a55d09c48,2024-12-21 16:53:34.000 UTC,B,4578
sampled_wallet,0xf13b6479be52059faf1378bc7067617cb8814ad9,2024-12-19 04:47:37.000 UTC,B,4578
sampled_wallet,0xf169ef9b546d7337dea867bd9d7d2b357982dab1,2024-12-10 20:47:36.000 UTC,A,502
sampled_wallet,0xf1856d92f880eb732ae2846c7194a55d4b0d1bd1,2024-12-21 02:05:57.000 UTC,B,4578
sampled_wallet,0xf226a53dcca7c5019830f4b1acbe1c14ac736308,2024-12-23 16:02:45.000 UTC,B,4578
sampled_wallet,0xf42270925c337b78dee94affacd63f59e399d852,2024-09-03 18:17:18.000 UTC,A,502
sampled_wallet,0xf422df97644ff52ac3c96143c746072c07396743,2024-09-14 11:31:55.000 UTC,A,502
sampled_wallet,0xf45bc366132d84ab8d69ea11e3f414e2fd1856ec,2024-12-20 18:22:21.000 UTC,B,4578
sampled_wallet,0xf535295c3033f87c8962534c8c8c58cf718c969c,2024-12-20 10:38:43.000 UTC,B,4578
sampled_wallet,0xf59a4443beb9dfdde96c9a98606bd8188e987510,2024-12-23 09:18:57.000 UTC,B,4578
sampled_wallet,0xf5a451ca9a4532332fbe12e160441815d4dc0f1e,2024-09-08 10:24:15.000 UTC,A,502
sampled_wallet,0xf5db8ba1cd6336f614b058754707f918c3e93156,2024-12-17 18:18:30.000 UTC,A,502
sampled_wallet,0xf67502d2be895d3f879bf48ce97bcf6694a1e66e,2024-12-21 14:32:21.000 UTC,B,4578
sampled_wallet,0xf67a30f869140a26b4d80c35c18a986cd285893c,2024-12-22 17:05:44.000 UTC,B,4578
sampled_wallet,0xf68aa066c657b1ffc4da0525169084bb303763a3,2024-12-20 22:37:35.000 UTC,B,4578
sampled_wallet,0xf6ba28637251c0f8f799eee777659df2d0f3ae5e,2024-12-10 21:04:08.000 UTC,A,502
sampled_wallet,0xf7140d9d29d687ae51f533c09835189b26610d3c,2024-12-20 03:54:19.000 UTC,B,4578
sampled_wallet,0xf732490227953119ee48448aa18c0a4b7f8c8ea1,2024-12-24 11:40:31.000 UTC,B,4578
sampled_wallet,0xf779b1283adecd2dc4e8ea29a2823decf097d440,2024-12-21 19:40:11.000 UTC,B,4578
sampled_wallet,0xf7868a9111a557daaf73386927b139265c7173cc,2024-12-15 00:48:13.000 UTC,A,502
sampled_wallet,0xf7fb3563c9597af54d06fe22f9c3553cfff1f58b,2024-12-17 09:30:24.000 UTC,A,502
sampled_wallet,0xf806ca7e1b9f2a52e7ac8127fd142abc67e015b3,2024-12-10 22:20:50.000 UTC,A,502
sampled_wallet,0xf86c606c8a360c38037cdab2f81fb5ed2e94ba99,2024-09-11 17:10:07.000 UTC,A,502
sampled_wallet,0xf8cd3fef0869bb6931d74ee11a4d2ffb2de8238d,2024-09-19 02:35:31.000 UTC,A,502
sampled_wallet,0xf8f7938670e2677eaaf4ce3726dc1c66558b93a4,2024-12-17 17:21:45.000 UTC,A,502
sampled_wallet,0xf95dea4cfd2a77d616c9c33dd9b3b217fcba3b7f,2024-12-20 20:45:18.000 UTC,B,4578
sampled_wallet,0xf9a0d8c836be9723e8b758927b22b909cb45fa1c,2024-12-10 08:41:42.000 UTC,A,502
sampled_wallet,0xf9adad27ead08cbd86be8765016f49c856a6ce31,2024-12-23 09:48:45.000 UTC,B,4578
sampled_wallet,0xfa1c66c8d0ec9115a5bfda4a9af57c44d3ba33c1,2024-09-09 14:20:31.000 UTC,A,502
sampled_wallet,0xfa7ccf14085c3c547b39d7dabad8e6e1ea699de1,2024-10-06 13:42:38.000 UTC,A,502
sampled_wallet,0xfb2a3c9c7992fbc07bcdbee07aa0c491acd6edcc,2024-12-21 13:35:09.000 UTC,B,4578
sampled_wallet,0xfb713008216fb3661f919d7107b66071e43cfa9d,2024-12-10 22:20:50.000 UTC,A,502
sampled_wallet,0xfcece4ec20afb0582ebf43759ac1f134e9d74ea6,2024-09-03 16:44:39.000 UTC,A,502
sampled_wallet,0xfd13172de98a7dff6fb054107765470c30e1e6f1,2024-09-06 00:11:47.000 UTC,A,502
sampled_wallet,0xfd3c841176046ac150fde3dfd2e1db026cb4c8fe,2024-10-04 23:40:15.000 UTC,A,502
sampled_wallet,0xff64fcb57f7d2812399b4fabcc13794735923096,2024-09-30 06:03:22.000 UTC,A,502
sampled_wallet,0xffdeb05224b0bafc64d264a6f95028cc402db455,2024-12-15 06:49:13.000 UTC,A,502
